order_id,customer_id,product_id,order_date,product_name,product_category,quantity,unit_price,total_price
1001,CUST0115,PROD009,2023-11-24,Laptop,Electronics,2,1164.02,2328.04
1002,CUST0016,PROD006,2023-02-22,Yoga Mat,Sports,1,153.77,153.77
1003,CUST0102,PROD046,2023-04-22,Sneakers,Clothing,5,128.36,641.8
1004,CUST0143,PROD001,2023-11-29,Cycling Helmet,Sports,5,66.8,334.0
1005,CUST0173,PROD007,2023-03-23,Textbook,Books,2,29.45,58.9
1006,CUST0136,PROD003,2023-02-17,Fiction Novel,Books,3,35.13,105.39
1007,CUST0041,PROD036,2023-08-24,Yoga Mat,Sports,4,243.68,974.72
1008,CUST0024,PROD043,2023-05-31,Running Shoes,Sports,1,150.68,150.68
1009,CUST0195,PROD018,2023-04-27,Blender,Home & Kitchen,1,260.94,260.94
1010,CUST0137,PROD045,2023-08-21,Coffee Maker,Home & Kitchen,2,129.95,259.9
1011,CUST0126,PROD011,2023-12-16,Smartwatch,Electronics,5,1025.47,5127.35
1012,CUST0113,PROD044,2023-08-25,Textbook,Books,5,79.27,396.35
1013,CUST0206,PROD018,2023-06-16,Smartphone,Electronics,3,1268.34,3805.02
1014,CUST0109,PROD042,2023-02-03,Sneakers,Clothing,3,177.75,533.25
1015,CUST0127,PROD048,2023-09-13,Comic Book,Books,2,20.0,40.0
1016,CUST0299,PROD026,2023-10-15,Running Shoes,Sports,4,190.55,762.2
1017,CUST0025,PROD008,2023-07-05,Jeans,Clothing,1,111.71,111.71
1018,CUST0196,PROD039,2023-03-20,Dress,Clothing,4,127.35,509.4
1019,CUST0059,PROD044,2023-08-28,Running Shoes,Sports,1,243.2,243.2
1020,CUST0081,PROD030,2023-10-02,Vacuum,Home & Kitchen,4,60.12,240.48
1021,CUST0055,PROD041,2023-01-02,Lamp,Home & Kitchen,5,235.73,1178.65
1022,CUST0083,PROD035,2023-06-02,Water Bottle,Sports,3,61.74,185.22
1023,CUST0058,PROD024,2023-09-29,Smartwatch,Electronics,1,621.4,621.4
1024,CUST0041,PROD006,2023-06-07,T-Shirt,Clothing,5,63.36,316.8
1025,CUST0244,PROD036,2023-09-06,Smartwatch,Electronics,2,1195.58,2391.16
1026,CUST0109,PROD035,2023-03-26,Lamp,Home & Kitchen,4,265.56,1062.24
1027,CUST0225,PROD034,2023-12-20,Jacket,Clothing,3,91.82,275.46
1028,CUST0011,PROD038,2023-08-20,Smartphone,Electronics,3,492.11,1476.33
1029,CUST0031,PROD015,2023-10-11,Sneakers,Clothing,1,59.64,59.64
1030,CUST0143,PROD043,2023-02-04,Headphones,Electronics,2,292.11,584.22
1031,CUST0296,PROD031,2023-09-06,Sneakers,Clothing,5,43.82,219.1
1032,CUST0221,PROD023,2023-05-05,Comic Book,Books,1,23.33,23.33
1033,CUST0051,PROD004,2023-08-05,Comic Book,Books,1,70.47,70.47
1034,CUST0275,PROD029,2023-07-26,Blender,Home & Kitchen,2,97.14,194.28
1035,CUST0039,PROD029,2023-03-13,Self-Help Book,Books,2,29.5,59.0
1036,CUST0008,PROD006,2023-10-09,Laptop,Electronics,5,1047.79,5238.95
1037,CUST0206,PROD004,2023-05-02,Dress,Clothing,2,107.42,214.84
1038,CUST0233,PROD019,2023-03-26,Fiction Novel,Books,3,78.97,236.91
1039,CUST0112,PROD004,2023-08-05,Cycling Helmet,Sports,3,51.38,154.14
1040,CUST0026,PROD038,2023-10-24,Yoga Mat,Sports,1,190.77,190.77
1041,CUST0042,PROD012,2023-09-02,Water Bottle,Sports,5,52.0,260.0
1042,CUST0207,PROD008,2023-02-05,Yoga Mat,Sports,2,173.67,347.34
1043,CUST0042,PROD027,2023-10-19,Sneakers,Clothing,5,127.01,635.05
1044,CUST0105,PROD043,2023-12-03,Water Bottle,Sports,3,137.85,413.55
1045,CUST0235,PROD021,2023-06-10,Jacket,Clothing,3,91.24,273.72
1046,CUST0052,PROD005,2023-02-07,Tablet,Electronics,5,1007.51,5037.55
1047,CUST0036,PROD016,2023-10-03,Sneakers,Clothing,3,67.74,203.22
1048,CUST0155,PROD040,2023-07-09,Coffee Maker,Home & Kitchen,5,148.31,741.55
1049,CUST0154,PROD043,2023-12-01,Yoga Mat,Sports,5,171.95,859.75
1050,CUST0284,PROD010,2023-02-23,Jacket,Clothing,1,40.78,40.78
1051,CUST0105,PROD044,2023-05-20,Lamp,Home & Kitchen,3,86.87,260.61
1052,CUST0048,PROD041,2023-11-21,Lamp,Home & Kitchen,1,161.9,161.9
1053,CUST0135,PROD011,2023-08-05,Blender,Home & Kitchen,2,30.96,61.92
1054,CUST0039,PROD045,2023-08-15,Cycling Helmet,Sports,1,146.81,146.81
1055,CUST0283,PROD010,2023-03-18,Yoga Mat,Sports,5,211.13,1055.65
1056,CUST0184,PROD014,2023-08-09,T-Shirt,Clothing,1,75.49,75.49
1057,CUST0209,PROD040,2023-12-16,T-Shirt,Clothing,5,83.66,418.3
1058,CUST0212,PROD002,2023-03-21,Jeans,Clothing,2,195.72,391.44
1059,CUST0137,PROD011,2023-04-02,Cookware Set,Home & Kitchen,2,246.6,493.2
1060,CUST0114,PROD013,2023-12-26,Tablet,Electronics,4,1333.82,5335.28
1061,CUST0115,PROD002,2023-08-24,Vacuum,Home & Kitchen,2,251.54,503.08
1062,CUST0143,PROD023,2023-12-04,Dress,Clothing,1,79.09,79.09
1063,CUST0170,PROD002,2023-11-25,Cycling Helmet,Sports,5,174.69,873.45
1064,CUST0020,PROD007,2023-03-01,Coffee Maker,Home & Kitchen,3,186.76,560.28
1065,CUST0224,PROD039,2023-11-02,Textbook,Books,3,61.0,183.0
1066,CUST0131,PROD003,2023-09-19,Tablet,Electronics,2,1369.36,2738.72
1067,CUST0101,PROD024,2023-12-29,Fiction Novel,Books,5,46.39,231.95
1068,CUST0154,PROD033,2023-08-09,Headphones,Electronics,1,1010.1,1010.1
1069,CUST0284,PROD009,2023-06-08,Textbook,Books,3,38.17,114.51
1070,CUST0292,PROD020,2023-04-09,Comic Book,Books,2,57.41,114.82
1071,CUST0221,PROD038,2023-07-27,Yoga Mat,Sports,2,86.41,172.82
1072,CUST0262,PROD031,2023-11-07,Cookware Set,Home & Kitchen,2,149.28,298.56
1073,CUST0172,PROD006,2023-03-28,Headphones,Electronics,5,870.09,4350.45
1074,CUST0013,PROD003,2023-05-01,Coffee Maker,Home & Kitchen,2,247.77,495.54
1075,CUST0234,PROD027,2023-05-06,Biography,Books,1,69.48,69.48
1076,CUST0254,PROD026,2023-11-19,Dumbbells,Sports,4,183.81,735.24
1077,CUST0218,PROD015,2023-05-05,T-Shirt,Clothing,1,180.68,180.68
1078,CUST0063,PROD030,2023-04-01,Cycling Helmet,Sports,2,26.8,53.6
1079,CUST0163,PROD049,2023-03-10,Biography,Books,5,79.15,395.75
1080,CUST0229,PROD011,2023-08-15,Water Bottle,Sports,5,115.28,576.4
1081,CUST0267,PROD032,2023-09-01,Textbook,Books,3,62.62,187.86
1082,CUST0121,PROD018,2023-11-17,Jacket,Clothing,3,99.18,297.54
1083,CUST0119,PROD025,2023-06-21,Lamp,Home & Kitchen,2,51.76,103.52
1084,CUST0170,PROD035,2023-12-22,Jeans,Clothing,4,31.56,126.24
1085,CUST0200,PROD050,2023-08-27,Fiction Novel,Books,4,24.48,97.92
1086,CUST0181,PROD020,2023-10-27,Smartwatch,Electronics,1,694.5,694.5
1087,CUST0113,PROD032,2023-07-19,Biography,Books,5,62.33,311.65
1088,CUST0173,PROD043,2023-04-23,Cookware Set,Home & Kitchen,4,161.12,644.48
1089,CUST0274,PROD002,2023-12-14,Self-Help Book,Books,2,68.84,137.68
1090,CUST0220,PROD009,2023-07-21,Water Bottle,Sports,1,170.8,170.8
1091,CUST0109,PROD030,2023-08-25,T-Shirt,Clothing,3,66.83,200.49
1092,CUST0130,PROD006,2023-06-17,Cookware Set,Home & Kitchen,4,105.13,420.52
1093,CUST0115,PROD042,2023-08-29,Smartwatch,Electronics,3,267.71,803.13
1094,CUST0011,PROD040,2023-02-05,Laptop,Electronics,2,1434.5,2869.0
1095,CUST0289,PROD014,2023-03-20,Jeans,Clothing,1,105.24,105.24
1096,CUST0059,PROD050,2023-08-27,Vacuum,Home & Kitchen,5,75.3,376.5
1097,CUST0295,PROD044,2023-03-25,Blender,Home & Kitchen,3,186.24,558.72
1098,CUST0053,PROD045,2023-07-12,Self-Help Book,Books,2,15.32,30.64
1099,CUST0022,PROD023,2023-06-04,Yoga Mat,Sports,5,202.11,1010.55
1100,CUST0007,PROD027,2023-09-30,Textbook,Books,3,14.83,44.49
1101,CUST0079,PROD028,2023-09-08,Tablet,Electronics,4,1449.02,5796.08
1102,CUST0248,PROD030,2023-04-01,Running Shoes,Sports,5,159.74,798.7
1103,CUST0045,PROD018,2023-08-12,Running Shoes,Sports,2,90.74,181.48
1104,CUST0173,PROD002,2023-08-19,Dress,Clothing,4,122.57,490.28
1105,CUST0133,PROD022,2023-09-11,Coffee Maker,Home & Kitchen,3,161.64,484.92
1106,CUST0098,PROD006,2023-05-24,Running Shoes,Sports,5,145.61,728.05
1107,CUST0244,PROD042,2023-05-04,Comic Book,Books,2,48.86,97.72
1108,CUST0151,PROD015,2023-12-31,Comic Book,Books,1,65.51,65.51
1109,CUST0243,PROD036,2023-07-27,Jacket,Clothing,3,139.51,418.53
1110,CUST0170,PROD023,2023-09-29,Cookware Set,Home & Kitchen,5,299.09,1495.45
1111,CUST0062,PROD047,2023-12-26,Textbook,Books,2,31.46,62.92
1112,CUST0099,PROD014,2023-04-09,Blender,Home & Kitchen,2,230.58,461.16
1113,CUST0145,PROD007,2023-09-05,Lamp,Home & Kitchen,5,293.68,1468.4
1114,CUST0008,PROD046,2023-04-10,Coffee Maker,Home & Kitchen,3,127.44,382.32
1115,CUST0284,PROD019,2023-10-01,Jacket,Clothing,1,28.19,28.19
1116,CUST0294,PROD019,2023-12-24,Dress,Clothing,1,38.47,38.47
1117,CUST0130,PROD031,2023-08-29,Comic Book,Books,1,33.85,33.85
1118,CUST0028,PROD010,2023-02-28,Tablet,Electronics,5,839.27,4196.35
1119,CUST0061,PROD036,2023-03-18,Running Shoes,Sports,2,35.02,70.04
1120,CUST0268,PROD025,2023-08-02,Water Bottle,Sports,2,200.82,401.64
1121,CUST0157,PROD037,2023-08-19,Textbook,Books,4,70.21,280.84
1122,CUST0107,PROD041,2023-11-14,Smartwatch,Electronics,1,1448.14,1448.14
1123,CUST0283,PROD005,2023-04-19,Blender,Home & Kitchen,2,72.41,144.82
1124,CUST0241,PROD019,2023-03-22,Tablet,Electronics,5,785.65,3928.25
1125,CUST0037,PROD044,2023-01-17,Jacket,Clothing,4,147.25,589.0
1126,CUST0218,PROD008,2023-04-30,Lamp,Home & Kitchen,2,208.52,417.04
1127,CUST0037,PROD004,2023-10-06,Jeans,Clothing,2,183.51,367.02
1128,CUST0148,PROD029,2023-03-26,Lamp,Home & Kitchen,5,232.22,1161.1
1129,CUST0257,PROD035,2023-03-05,Textbook,Books,3,58.98,176.94
1130,CUST0166,PROD039,2023-09-10,Fiction Novel,Books,4,51.86,207.44
1131,CUST0011,PROD049,2023-05-09,Laptop,Electronics,5,497.6,2488.0
1132,CUST0241,PROD034,2023-12-11,Lamp,Home & Kitchen,2,40.86,81.72
1133,CUST0224,PROD041,2023-11-30,Textbook,Books,5,22.7,113.5
1134,CUST0165,PROD043,2023-09-09,Tablet,Electronics,3,652.35,1957.05
1135,CUST0148,PROD043,2023-02-23,Jacket,Clothing,4,94.1,376.4
1136,CUST0130,PROD021,2023-07-25,Yoga Mat,Sports,3,121.88,365.64
1137,CUST0278,PROD030,2023-03-01,Biography,Books,1,67.74,67.74
1138,CUST0256,PROD041,2023-07-31,Smartphone,Electronics,5,873.97,4369.85
1139,CUST0148,PROD029,2023-08-15,Smartphone,Electronics,2,547.17,1094.34
1140,CUST0123,PROD046,2023-12-24,Fiction Novel,Books,5,12.02,60.1
1141,CUST0048,PROD015,2023-03-23,Lamp,Home & Kitchen,4,33.69,134.76
1142,CUST0256,PROD046,2023-02-28,Fiction Novel,Books,2,55.34,110.68
1143,CUST0242,PROD016,2023-05-30,Running Shoes,Sports,4,112.64,450.56
1144,CUST0261,PROD048,2023-08-22,Dumbbells,Sports,5,105.14,525.7
1145,CUST0175,PROD033,2023-03-11,Headphones,Electronics,4,1204.48,4817.92
1146,CUST0297,PROD043,2023-05-17,Headphones,Electronics,5,1143.87,5719.35
1147,CUST0171,PROD036,2023-09-08,Dress,Clothing,3,116.94,350.82
1148,CUST0123,PROD037,2023-10-06,Comic Book,Books,2,75.3,150.6
1149,CUST0196,PROD025,2023-07-16,Dress,Clothing,4,27.86,111.44
1150,CUST0258,PROD038,2023-12-06,Dress,Clothing,2,193.67,387.34
1151,CUST0008,PROD047,2023-06-19,Tablet,Electronics,4,329.63,1318.52
1152,CUST0174,PROD040,2023-03-15,Self-Help Book,Books,3,15.24,45.72
1153,CUST0195,PROD021,2023-12-21,Fiction Novel,Books,5,69.62,348.1
1154,CUST0121,PROD041,2023-11-17,Biography,Books,1,12.51,12.51
1155,CUST0051,PROD049,2023-12-17,Coffee Maker,Home & Kitchen,4,231.63,926.52
1156,CUST0015,PROD003,2023-11-21,Tablet,Electronics,3,416.27,1248.81
1157,CUST0075,PROD016,2023-06-16,Headphones,Electronics,4,666.0,2664.0
1158,CUST0088,PROD012,2023-09-29,Biography,Books,2,57.73,115.46
1159,CUST0255,PROD038,2023-02-10,Cycling Helmet,Sports,2,160.63,321.26
1160,CUST0131,PROD043,2023-03-15,Dress,Clothing,4,134.82,539.28
1161,CUST0038,PROD029,2023-01-05,Textbook,Books,2,57.43,114.86
1162,CUST0129,PROD030,2023-06-26,Running Shoes,Sports,4,165.15,660.6
1163,CUST0122,PROD025,2023-06-04,Dress,Clothing,1,173.6,173.6
1164,CUST0012,PROD043,2023-10-20,Lamp,Home & Kitchen,3,109.89,329.67
1165,CUST0255,PROD019,2023-07-22,Blender,Home & Kitchen,1,182.8,182.8
1166,CUST0129,PROD044,2023-04-28,Running Shoes,Sports,2,66.47,132.94
1167,CUST0159,PROD029,2023-12-04,T-Shirt,Clothing,1,182.61,182.61
1168,CUST0152,PROD021,2023-01-18,Running Shoes,Sports,1,187.1,187.1
1169,CUST0188,PROD034,2023-08-01,Jeans,Clothing,5,43.79,218.95
1170,CUST0152,PROD048,2023-09-14,Coffee Maker,Home & Kitchen,4,99.38,397.52
1171,CUST0116,PROD044,2023-06-23,Tablet,Electronics,2,1451.76,2903.52
1172,CUST0008,PROD017,2023-12-12,Biography,Books,4,35.6,142.4
1173,CUST0300,PROD025,2023-10-02,Tablet,Electronics,3,679.16,2037.48
1174,CUST0013,PROD040,2023-11-23,Blender,Home & Kitchen,4,212.21,848.84
1175,CUST0238,PROD045,2023-10-15,Lamp,Home & Kitchen,1,89.77,89.77
1176,CUST0156,PROD032,2023-06-04,Fiction Novel,Books,1,19.78,19.78
1177,CUST0199,PROD030,2023-03-01,Smartphone,Electronics,2,1353.44,2706.88
1178,CUST0213,PROD042,2023-07-09,Cycling Helmet,Sports,2,153.02,306.04
1179,CUST0017,PROD045,2023-02-20,Biography,Books,3,38.57,115.71
1180,CUST0186,PROD007,2023-07-09,Dress,Clothing,2,100.05,200.1
1181,CUST0032,PROD026,2023-12-18,Lamp,Home & Kitchen,3,273.46,820.38
1182,CUST0047,PROD043,2023-05-22,T-Shirt,Clothing,4,190.82,763.28
1183,CUST0125,PROD009,2023-04-19,Yoga Mat,Sports,3,26.89,80.67
1184,CUST0107,PROD038,2023-10-17,T-Shirt,Clothing,5,169.37,846.85
1185,CUST0002,PROD018,2023-04-21,Jacket,Clothing,5,159.39,796.95
1186,CUST0057,PROD043,2023-03-16,Sneakers,Clothing,2,65.12,130.24
1187,CUST0166,PROD002,2023-01-14,T-Shirt,Clothing,2,84.48,168.96
1188,CUST0270,PROD008,2023-03-31,Blender,Home & Kitchen,4,64.22,256.88
1189,CUST0056,PROD029,2023-02-02,Comic Book,Books,5,64.46,322.3
1190,CUST0155,PROD030,2023-09-15,Sneakers,Clothing,5,27.81,139.05
1191,CUST0219,PROD044,2023-11-26,Laptop,Electronics,4,1498.16,5992.64
1192,CUST0165,PROD039,2023-02-25,Comic Book,Books,1,15.14,15.14
1193,CUST0281,PROD046,2023-03-17,Smartphone,Electronics,5,557.52,2787.6
1194,CUST0259,PROD039,2023-06-16,Biography,Books,4,47.14,188.56
1195,CUST0111,PROD028,2023-08-09,Laptop,Electronics,5,1308.63,6543.15
1196,CUST0205,PROD027,2023-08-20,Dress,Clothing,4,81.01,324.04
1197,CUST0192,PROD010,2023-02-18,Cookware Set,Home & Kitchen,3,114.38,343.14
1198,CUST0048,PROD028,2023-12-18,Fiction Novel,Books,1,16.39,16.39
1199,CUST0288,PROD036,2023-02-19,Coffee Maker,Home & Kitchen,5,180.22,901.1
1200,CUST0027,PROD019,2023-06-18,Tablet,Electronics,4,659.68,2638.72
1201,CUST0109,PROD010,2023-11-04,Vacuum,Home & Kitchen,5,57.97,289.85
1202,CUST0285,PROD024,2023-12-03,Self-Help Book,Books,3,69.31,207.93
1203,CUST0288,PROD050,2023-02-28,Lamp,Home & Kitchen,4,91.06,364.24
1204,CUST0015,PROD012,2023-11-15,Water Bottle,Sports,3,21.17,63.51
1205,CUST0074,PROD037,2023-05-20,Vacuum,Home & Kitchen,2,124.78,249.56
1206,CUST0047,PROD048,2023-12-03,Fiction Novel,Books,1,19.93,19.93
1207,CUST0081,PROD024,2023-09-29,Dress,Clothing,3,95.57,286.71
1208,CUST0080,PROD011,2023-06-09,Lamp,Home & Kitchen,1,190.98,190.98
1209,CUST0249,PROD039,2023-11-13,Laptop,Electronics,4,553.73,2214.92
1210,CUST0059,PROD023,2023-08-15,Textbook,Books,5,25.09,125.45
1211,CUST0250,PROD034,2023-08-09,Headphones,Electronics,5,1081.68,5408.4
1212,CUST0029,PROD001,2023-12-08,Blender,Home & Kitchen,5,89.54,447.7
1213,CUST0149,PROD021,2023-04-15,Coffee Maker,Home & Kitchen,3,237.18,711.54
1214,CUST0067,PROD025,2023-03-03,Tablet,Electronics,2,1171.12,2342.24
1215,CUST0037,PROD026,2023-09-30,Sneakers,Clothing,3,120.57,361.71
1216,CUST0161,PROD037,2023-01-22,Fiction Novel,Books,1,42.18,42.18
1217,CUST0149,PROD008,2023-08-08,Cycling Helmet,Sports,4,181.73,726.92
1218,CUST0236,PROD045,2023-07-27,Headphones,Electronics,5,423.44,2117.2
1219,CUST0224,PROD038,2023-07-05,Tablet,Electronics,2,1297.83,2595.66
1220,CUST0174,PROD015,2023-07-25,Yoga Mat,Sports,3,108.01,324.03
1221,CUST0272,PROD033,2023-06-20,T-Shirt,Clothing,1,111.89,111.89
1222,CUST0121,PROD007,2023-04-10,Vacuum,Home & Kitchen,2,226.39,452.78
1223,CUST0039,PROD012,2023-03-16,Coffee Maker,Home & Kitchen,2,76.84,153.68
1224,CUST0230,PROD044,2023-11-18,Comic Book,Books,5,62.81,314.05
1225,CUST0078,PROD029,2023-10-17,Running Shoes,Sports,3,218.1,654.3
1226,CUST0029,PROD023,2023-02-04,Comic Book,Books,3,54.2,162.6
1227,CUST0030,PROD024,2023-09-17,Headphones,Electronics,1,800.27,800.27
1228,CUST0197,PROD030,2023-05-27,Laptop,Electronics,5,999.51,4997.55
1229,CUST0097,PROD021,2023-10-25,Yoga Mat,Sports,5,120.69,603.45
1230,CUST0231,PROD007,2023-11-06,Biography,Books,1,20.56,20.56
1231,CUST0127,PROD046,2023-06-25,Smartwatch,Electronics,1,1039.97,1039.97
1232,CUST0187,PROD024,2023-08-13,Biography,Books,2,46.59,93.18
1233,CUST0027,PROD041,2023-05-25,Comic Book,Books,5,64.21,321.05
1234,CUST0198,PROD019,2023-11-28,Blender,Home & Kitchen,5,119.02,595.1
1235,CUST0073,PROD023,2023-05-10,Dumbbells,Sports,5,93.34,466.7
1236,CUST0159,PROD036,2023-06-08,Self-Help Book,Books,1,51.65,51.65
1237,CUST0048,PROD042,2023-07-12,Coffee Maker,Home & Kitchen,5,210.93,1054.65
1238,CUST0159,PROD012,2023-12-10,Biography,Books,3,35.33,105.99
1239,CUST0080,PROD005,2023-04-20,Cookware Set,Home & Kitchen,2,81.84,163.68
1240,CUST0020,PROD043,2023-06-01,Smartwatch,Electronics,5,1202.14,6010.7
1241,CUST0084,PROD012,2023-06-22,Dumbbells,Sports,2,155.35,310.7
1242,CUST0211,PROD024,2023-12-21,Dumbbells,Sports,1,184.48,184.48
1243,CUST0120,PROD035,2023-12-13,Dress,Clothing,4,129.91,519.64
1244,CUST0189,PROD044,2023-05-03,Cookware Set,Home & Kitchen,2,274.07,548.14
1245,CUST0258,PROD034,2023-10-20,Comic Book,Books,4,63.86,255.44
1246,CUST0129,PROD004,2023-08-03,Jeans,Clothing,2,164.23,328.46
1247,CUST0265,PROD008,2023-11-25,Textbook,Books,1,48.82,48.82
1248,CUST0076,PROD028,2023-05-26,Smartphone,Electronics,5,554.63,2773.15
1249,CUST0213,PROD004,2023-02-16,Dress,Clothing,1,179.23,179.23
1250,CUST0192,PROD015,2023-07-22,Running Shoes,Sports,1,70.41,70.41
1251,CUST0075,PROD009,2023-01-15,Blender,Home & Kitchen,3,256.58,769.74
1252,CUST0241,PROD029,2023-01-20,Cookware Set,Home & Kitchen,2,217.94,435.88
1253,CUST0077,PROD036,2023-11-12,Laptop,Electronics,2,224.71,449.42
1254,CUST0122,PROD020,2023-11-08,Cycling Helmet,Sports,3,41.13,123.39
1255,CUST0235,PROD005,2023-03-04,Smartphone,Electronics,5,745.77,3728.85
1256,CUST0295,PROD016,2023-02-26,Biography,Books,5,47.52,237.6
1257,CUST0124,PROD037,2023-03-15,Cookware Set,Home & Kitchen,3,30.42,91.26
1258,CUST0035,PROD034,2023-08-02,T-Shirt,Clothing,3,114.23,342.69
1259,CUST0241,PROD003,2023-10-06,Water Bottle,Sports,4,145.23,580.92
1260,CUST0183,PROD005,2023-11-22,Textbook,Books,1,27.76,27.76
1261,CUST0069,PROD003,2023-06-26,T-Shirt,Clothing,3,158.87,476.61
1262,CUST0238,PROD045,2023-06-30,Running Shoes,Sports,2,206.17,412.34
1263,CUST0019,PROD019,2023-09-03,Jeans,Clothing,4,31.36,125.44
1264,CUST0159,PROD033,2023-04-14,Smartphone,Electronics,3,1351.53,4054.59
1265,CUST0147,PROD023,2023-07-23,Cycling Helmet,Sports,2,74.53,149.06
1266,CUST0224,PROD026,2023-01-25,Vacuum,Home & Kitchen,3,63.61,190.83
1267,CUST0255,PROD024,2023-08-14,Textbook,Books,4,78.16,312.64
1268,CUST0221,PROD039,2023-09-23,Blender,Home & Kitchen,1,226.31,226.31
1269,CUST0168,PROD043,2023-04-03,Running Shoes,Sports,1,90.48,90.48
1270,CUST0086,PROD045,2023-06-01,Cookware Set,Home & Kitchen,4,192.71,770.84
1271,CUST0223,PROD018,2023-08-16,Cookware Set,Home & Kitchen,3,41.44,124.32
1272,CUST0187,PROD033,2023-11-24,Laptop,Electronics,4,1072.54,4290.16
1273,CUST0225,PROD003,2023-12-14,T-Shirt,Clothing,5,45.7,228.5
1274,CUST0186,PROD025,2023-03-06,Smartphone,Electronics,3,1212.07,3636.21
1275,CUST0190,PROD024,2023-10-18,Smartwatch,Electronics,4,399.47,1597.88
1276,CUST0204,PROD021,2023-08-16,Smartwatch,Electronics,3,379.0,1137.0
1277,CUST0096,PROD032,2023-11-29,Coffee Maker,Home & Kitchen,1,289.34,289.34
1278,CUST0229,PROD014,2023-09-23,Biography,Books,3,18.24,54.72
1279,CUST0038,PROD029,2023-11-10,Cookware Set,Home & Kitchen,2,84.05,168.1
1280,CUST0178,PROD046,2023-03-30,Fiction Novel,Books,3,66.74,200.22
1281,CUST0081,PROD046,2023-02-03,Water Bottle,Sports,3,83.24,249.72
1282,CUST0103,PROD009,2023-12-30,Jacket,Clothing,1,111.58,111.58
1283,CUST0189,PROD030,2023-05-02,Fiction Novel,Books,5,35.26,176.3
1284,CUST0159,PROD026,2023-10-10,Sneakers,Clothing,1,179.16,179.16
1285,CUST0038,PROD009,2023-09-03,Cycling Helmet,Sports,5,195.75,978.75
1286,CUST0177,PROD009,2023-06-12,Tablet,Electronics,5,805.58,4027.9
1287,CUST0222,PROD033,2023-10-10,Dumbbells,Sports,2,195.43,390.86
1288,CUST0083,PROD021,2023-01-29,Smartwatch,Electronics,2,398.92,797.84
1289,CUST0146,PROD006,2023-12-30,Jacket,Clothing,5,190.55,952.75
1290,CUST0274,PROD006,2023-05-09,Sneakers,Clothing,3,69.4,208.2
1291,CUST0088,PROD043,2023-09-15,Sneakers,Clothing,2,189.49,378.98
1292,CUST0022,PROD002,2023-11-16,Running Shoes,Sports,5,212.99,1064.95
1293,CUST0293,PROD027,2023-02-11,Smartwatch,Electronics,2,544.05,1088.1
1294,CUST0149,PROD042,2023-11-13,Tablet,Electronics,5,1355.7,6778.5
1295,CUST0153,PROD030,2023-06-04,Self-Help Book,Books,4,66.33,265.32
1296,CUST0238,PROD014,2023-02-07,Smartphone,Electronics,4,771.49,3085.96
1297,CUST0177,PROD026,2023-06-24,Dumbbells,Sports,3,88.46,265.38
1298,CUST0124,PROD030,2023-03-08,Lamp,Home & Kitchen,3,181.65,544.95
1299,CUST0026,PROD019,2023-03-04,Cookware Set,Home & Kitchen,1,96.94,96.94
1300,CUST0168,PROD037,2023-07-16,Cycling Helmet,Sports,2,73.34,146.68
1301,CUST0240,PROD032,2023-06-10,Jeans,Clothing,5,109.69,548.45
1302,CUST0259,PROD030,2023-06-07,Fiction Novel,Books,4,16.3,65.2
1303,CUST0145,PROD032,2023-05-04,Sneakers,Clothing,1,83.52,83.52
1304,CUST0221,PROD009,2023-11-02,Textbook,Books,1,47.57,47.57
1305,CUST0027,PROD037,2023-05-16,Cookware Set,Home & Kitchen,4,128.8,515.2
1306,CUST0198,PROD033,2023-10-15,Jacket,Clothing,1,119.58,119.58
1307,CUST0061,PROD009,2023-08-19,Running Shoes,Sports,5,208.95,1044.75
1308,CUST0286,PROD024,2023-02-19,Textbook,Books,3,65.64,196.92
1309,CUST0021,PROD003,2023-03-15,Sneakers,Clothing,5,111.64,558.2
1310,CUST0234,PROD010,2023-01-20,Jacket,Clothing,5,164.71,823.55
1311,CUST0164,PROD011,2023-11-07,Dumbbells,Sports,5,92.07,460.35
1312,CUST0261,PROD035,2023-07-21,Running Shoes,Sports,5,154.53,772.65
1313,CUST0189,PROD022,2023-09-08,Running Shoes,Sports,1,126.6,126.6
1314,CUST0243,PROD017,2023-12-11,Tablet,Electronics,1,958.81,958.81
1315,CUST0299,PROD031,2023-12-02,Water Bottle,Sports,1,68.47,68.47
1316,CUST0076,PROD044,2023-03-29,Water Bottle,Sports,4,197.03,788.12
1317,CUST0098,PROD002,2023-05-05,Smartwatch,Electronics,1,1432.67,1432.67
1318,CUST0211,PROD033,2023-08-14,Cookware Set,Home & Kitchen,2,70.89,141.78
1319,CUST0107,PROD036,2023-11-10,Fiction Novel,Books,5,59.4,297.0
1320,CUST0236,PROD035,2023-06-16,Biography,Books,2,36.38,72.76
1321,CUST0248,PROD013,2023-06-25,Running Shoes,Sports,3,173.83,521.49
1322,CUST0148,PROD046,2023-05-07,Lamp,Home & Kitchen,3,110.59,331.77
1323,CUST0141,PROD019,2023-04-17,Textbook,Books,5,43.59,217.95
1324,CUST0177,PROD050,2023-03-04,Water Bottle,Sports,4,104.23,416.92
1325,CUST0178,PROD029,2023-03-16,Blender,Home & Kitchen,1,107.66,107.66
1326,CUST0139,PROD036,2023-12-02,Cookware Set,Home & Kitchen,5,87.78,438.9
1327,CUST0123,PROD016,2023-12-23,Coffee Maker,Home & Kitchen,5,59.49,297.45
1328,CUST0052,PROD027,2023-01-26,Dumbbells,Sports,1,164.92,164.92
1329,CUST0003,PROD036,2023-06-19,Fiction Novel,Books,2,57.68,115.36
1330,CUST0148,PROD021,2023-03-22,Comic Book,Books,2,43.42,86.84
1331,CUST0274,PROD048,2023-05-27,Laptop,Electronics,2,1047.99,2095.98
1332,CUST0019,PROD026,2023-01-20,Dress,Clothing,2,178.8,357.6
1333,CUST0153,PROD037,2023-09-11,Jacket,Clothing,1,177.81,177.81
1334,CUST0269,PROD032,2023-11-05,Headphones,Electronics,5,569.93,2849.65
1335,CUST0170,PROD011,2023-03-10,Cycling Helmet,Sports,1,79.12,79.12
1336,CUST0152,PROD037,2023-08-23,Coffee Maker,Home & Kitchen,3,33.8,101.4
1337,CUST0219,PROD033,2023-12-12,Jeans,Clothing,4,129.97,519.88
1338,CUST0072,PROD031,2023-06-17,Tablet,Electronics,2,1070.03,2140.06
1339,CUST0229,PROD049,2023-06-15,T-Shirt,Clothing,2,66.94,133.88
1340,CUST0006,PROD017,2023-05-17,Vacuum,Home & Kitchen,5,187.26,936.3
1341,CUST0239,PROD020,2023-12-01,Coffee Maker,Home & Kitchen,1,46.77,46.77
1342,CUST0061,PROD041,2023-03-23,Biography,Books,3,74.62,223.86
1343,CUST0245,PROD010,2023-06-01,Lamp,Home & Kitchen,2,89.63,179.26
1344,CUST0242,PROD049,2023-08-21,Running Shoes,Sports,5,112.72,563.6
1345,CUST0042,PROD034,2023-10-03,Jeans,Clothing,5,142.46,712.3
1346,CUST0058,PROD004,2023-08-17,Running Shoes,Sports,5,33.35,166.75
1347,CUST0085,PROD021,2023-10-08,Dumbbells,Sports,2,149.58,299.16
1348,CUST0251,PROD006,2023-09-24,Fiction Novel,Books,5,57.62,288.1
1349,CUST0213,PROD030,2023-09-19,Fiction Novel,Books,5,41.74,208.7
1350,CUST0012,PROD026,2023-10-16,Smartwatch,Electronics,3,801.09,2403.27
1351,CUST0217,PROD023,2023-05-11,Smartphone,Electronics,1,951.8,951.8
1352,CUST0242,PROD003,2023-12-25,Smartwatch,Electronics,1,1492.36,1492.36
1353,CUST0192,PROD025,2023-05-27,Self-Help Book,Books,4,63.83,255.32
1354,CUST0069,PROD042,2023-08-18,Comic Book,Books,5,15.62,78.1
1355,CUST0271,PROD009,2023-06-28,Smartphone,Electronics,4,1490.7,5962.8
1356,CUST0279,PROD028,2023-04-25,Laptop,Electronics,4,1472.04,5888.16
1357,CUST0080,PROD018,2023-09-30,Self-Help Book,Books,3,27.33,81.99
1358,CUST0009,PROD016,2023-04-07,Laptop,Electronics,4,1252.32,5009.28
1359,CUST0025,PROD016,2023-04-16,Laptop,Electronics,4,972.13,3888.52
1360,CUST0029,PROD009,2023-01-23,Comic Book,Books,2,26.4,52.8
1361,CUST0164,PROD037,2023-09-15,Coffee Maker,Home & Kitchen,5,250.26,1251.3
1362,CUST0267,PROD015,2023-11-03,Coffee Maker,Home & Kitchen,2,111.48,222.96
1363,CUST0090,PROD041,2023-07-31,Vacuum,Home & Kitchen,5,46.46,232.3
1364,CUST0196,PROD034,2023-12-14,Biography,Books,3,44.69,134.07
1365,CUST0095,PROD049,2023-06-13,Comic Book,Books,4,20.45,81.8
1366,CUST0074,PROD030,2023-10-03,Self-Help Book,Books,3,69.45,208.35
1367,CUST0272,PROD009,2023-01-30,Cycling Helmet,Sports,5,242.43,1212.15
1368,CUST0231,PROD024,2023-07-18,Jacket,Clothing,1,56.6,56.6
1369,CUST0021,PROD005,2023-02-17,Dumbbells,Sports,4,27.11,108.44
1370,CUST0171,PROD020,2023-04-07,Water Bottle,Sports,2,66.0,132.0
1371,CUST0246,PROD016,2023-01-08,Jeans,Clothing,1,193.17,193.17
1372,CUST0283,PROD021,2023-12-23,Dumbbells,Sports,2,108.21,216.42
1373,CUST0158,PROD017,2023-05-25,Comic Book,Books,3,47.36,142.08
1374,CUST0164,PROD014,2023-07-04,Cycling Helmet,Sports,4,124.51,498.04
1375,CUST0075,PROD002,2023-07-09,Cookware Set,Home & Kitchen,2,42.34,84.68
1376,CUST0152,PROD010,2023-05-14,Water Bottle,Sports,4,151.1,604.4
1377,CUST0256,PROD036,2023-04-11,Coffee Maker,Home & Kitchen,2,132.56,265.12
1378,CUST0252,PROD030,2023-12-02,Vacuum,Home & Kitchen,4,236.11,944.44
1379,CUST0251,PROD012,2023-03-28,Coffee Maker,Home & Kitchen,5,67.79,338.95
1380,CUST0025,PROD049,2023-10-05,Smartwatch,Electronics,1,243.97,243.97
1381,CUST0035,PROD046,2023-01-04,Self-Help Book,Books,2,68.98,137.96
1382,CUST0031,PROD040,2023-03-19,Smartphone,Electronics,3,857.45,2572.35
1383,CUST0004,PROD035,2023-11-23,Cycling Helmet,Sports,1,169.93,169.93
1384,CUST0275,PROD019,2023-10-10,Fiction Novel,Books,3,11.17,33.51
1385,CUST0055,PROD007,2023-01-09,Cycling Helmet,Sports,2,204.45,408.9
1386,CUST0130,PROD023,2023-09-26,Jeans,Clothing,5,54.55,272.75
1387,CUST0236,PROD037,2023-05-17,Fiction Novel,Books,4,36.11,144.44
1388,CUST0017,PROD006,2023-05-05,Jacket,Clothing,1,143.13,143.13
1389,CUST0005,PROD045,2023-07-27,Comic Book,Books,1,48.69,48.69
1390,CUST0290,PROD007,2023-03-29,Tablet,Electronics,3,1298.93,3896.79
1391,CUST0244,PROD018,2023-09-28,Smartphone,Electronics,5,474.84,2374.2
1392,CUST0017,PROD012,2023-01-24,Headphones,Electronics,5,1369.11,6845.55
1393,CUST0040,PROD020,2023-06-11,Smartphone,Electronics,4,963.15,3852.6
1394,CUST0277,PROD022,2023-03-25,Dumbbells,Sports,4,148.17,592.68
1395,CUST0028,PROD007,2023-07-16,T-Shirt,Clothing,3,110.14,330.42
1396,CUST0204,PROD050,2023-08-12,T-Shirt,Clothing,5,81.31,406.55
1397,CUST0252,PROD015,2023-06-17,Headphones,Electronics,4,1218.61,4874.44
1398,CUST0195,PROD006,2023-07-02,Cycling Helmet,Sports,5,116.48,582.4
1399,CUST0138,PROD010,2023-11-13,Coffee Maker,Home & Kitchen,1,222.54,222.54
1400,CUST0047,PROD001,2023-07-14,Dress,Clothing,1,77.0,77.0
1401,CUST0068,PROD006,2023-06-07,Textbook,Books,1,63.29,63.29
1402,CUST0209,PROD007,2023-04-06,Comic Book,Books,5,48.99,244.95
1403,CUST0167,PROD025,2023-01-14,Headphones,Electronics,5,920.49,4602.45
1404,CUST0287,PROD016,2023-01-07,Cookware Set,Home & Kitchen,1,134.71,134.71
1405,CUST0072,PROD018,2023-10-20,Dumbbells,Sports,2,176.05,352.1
1406,CUST0223,PROD018,2023-06-04,Cookware Set,Home & Kitchen,2,69.4,138.8
1407,CUST0129,PROD016,2023-08-04,Cookware Set,Home & Kitchen,3,241.32,723.96
1408,CUST0055,PROD009,2023-11-17,Biography,Books,4,53.17,212.68
1409,CUST0195,PROD022,2023-06-05,Tablet,Electronics,5,631.88,3159.4
1410,CUST0070,PROD020,2023-08-14,Cookware Set,Home & Kitchen,5,250.18,1250.9
1411,CUST0204,PROD021,2023-06-14,Dumbbells,Sports,2,127.57,255.14
1412,CUST0193,PROD018,2023-05-30,Biography,Books,3,64.74,194.22
1413,CUST0280,PROD012,2023-07-21,Blender,Home & Kitchen,2,281.66,563.32
1414,CUST0108,PROD029,2023-12-16,Yoga Mat,Sports,4,238.96,955.84
1415,CUST0156,PROD016,2023-05-30,Tablet,Electronics,2,1074.87,2149.74
1416,CUST0230,PROD039,2023-05-10,Dress,Clothing,1,162.03,162.03
1417,CUST0279,PROD003,2023-09-03,Cycling Helmet,Sports,4,140.58,562.32
1418,CUST0056,PROD050,2023-07-04,Water Bottle,Sports,1,164.97,164.97
1419,CUST0289,PROD042,2023-05-08,Coffee Maker,Home & Kitchen,1,204.69,204.69
1420,CUST0055,PROD001,2023-12-13,Textbook,Books,4,77.6,310.4
1421,CUST0286,PROD038,2023-02-20,Coffee Maker,Home & Kitchen,5,167.88,839.4
1422,CUST0238,PROD050,2023-12-19,Dumbbells,Sports,4,119.76,479.04
1423,CUST0248,PROD007,2023-12-14,Water Bottle,Sports,1,50.43,50.43
1424,CUST0179,PROD020,2023-06-01,Fiction Novel,Books,2,18.12,36.24
1425,CUST0244,PROD007,2023-06-25,Self-Help Book,Books,3,46.48,139.44
1426,CUST0059,PROD002,2023-08-13,Textbook,Books,1,14.7,14.7
1427,CUST0265,PROD012,2023-06-25,Smartphone,Electronics,2,1408.9,2817.8
1428,CUST0119,PROD026,2023-10-10,Jacket,Clothing,4,120.77,483.08
1429,CUST0203,PROD002,2023-11-19,Jeans,Clothing,4,135.29,541.16
1430,CUST0003,PROD046,2023-11-11,Dress,Clothing,4,126.6,506.4
1431,CUST0296,PROD007,2023-04-20,Jacket,Clothing,1,155.42,155.42
1432,CUST0059,PROD017,2023-10-02,Jacket,Clothing,4,78.68,314.72
1433,CUST0199,PROD040,2023-12-10,Biography,Books,3,77.61,232.83
1434,CUST0089,PROD044,2023-07-20,Yoga Mat,Sports,4,96.76,387.04
1435,CUST0161,PROD008,2023-12-28,Lamp,Home & Kitchen,2,189.35,378.7
1436,CUST0262,PROD025,2023-05-03,Blender,Home & Kitchen,2,79.42,158.84
1437,CUST0096,PROD032,2023-08-03,Dumbbells,Sports,4,150.08,600.32
1438,CUST0148,PROD009,2023-11-22,Dumbbells,Sports,4,145.4,581.6
1439,CUST0005,PROD032,2023-04-06,Cookware Set,Home & Kitchen,3,197.24,591.72
1440,CUST0254,PROD027,2023-03-11,Dress,Clothing,5,193.49,967.45
1441,CUST0251,PROD011,2023-12-17,Comic Book,Books,4,59.71,238.84
1442,CUST0150,PROD003,2023-02-12,Yoga Mat,Sports,2,202.03,404.06
1443,CUST0290,PROD048,2023-05-21,Sneakers,Clothing,4,71.96,287.84
1444,CUST0138,PROD050,2023-09-11,Water Bottle,Sports,1,41.6,41.6
1445,CUST0226,PROD035,2023-10-06,Lamp,Home & Kitchen,1,252.1,252.1
1446,CUST0153,PROD003,2023-04-22,Fiction Novel,Books,2,61.52,123.04
1447,CUST0225,PROD008,2023-08-19,Vacuum,Home & Kitchen,1,262.79,262.79
1448,CUST0220,PROD011,2023-05-02,Sneakers,Clothing,5,144.04,720.2
1449,CUST0292,PROD023,2023-11-12,Jeans,Clothing,1,166.44,166.44
1450,CUST0150,PROD019,2023-09-30,Lamp,Home & Kitchen,3,175.47,526.41
1451,CUST0070,PROD049,2023-10-21,Lamp,Home & Kitchen,1,296.08,296.08
1452,CUST0068,PROD016,2023-07-30,Headphones,Electronics,2,1327.16,2654.32
1453,CUST0251,PROD010,2023-03-16,Coffee Maker,Home & Kitchen,4,235.6,942.4
1454,CUST0048,PROD026,2023-10-23,Cookware Set,Home & Kitchen,1,131.3,131.3
1455,CUST0168,PROD038,2023-09-21,Vacuum,Home & Kitchen,4,152.77,611.08
1456,CUST0033,PROD035,2023-01-02,Tablet,Electronics,3,1025.29,3075.87
1457,CUST0138,PROD021,2023-07-23,Dress,Clothing,4,168.47,673.88
1458,CUST0249,PROD022,2023-05-26,Lamp,Home & Kitchen,5,186.04,930.2
1459,CUST0009,PROD008,2023-12-16,Laptop,Electronics,4,329.45,1317.8
1460,CUST0104,PROD045,2023-03-22,Comic Book,Books,4,10.05,40.2
1461,CUST0048,PROD042,2023-03-09,Coffee Maker,Home & Kitchen,3,266.09,798.27
1462,CUST0027,PROD026,2023-07-04,Blender,Home & Kitchen,2,130.4,260.8
1463,CUST0049,PROD001,2023-11-17,Coffee Maker,Home & Kitchen,1,145.89,145.89
1464,CUST0266,PROD044,2023-04-20,Fiction Novel,Books,2,19.29,38.58
1465,CUST0217,PROD045,2023-08-16,Laptop,Electronics,1,1104.28,1104.28
1466,CUST0053,PROD007,2023-03-09,Fiction Novel,Books,1,26.03,26.03
1467,CUST0074,PROD005,2023-06-10,Vacuum,Home & Kitchen,2,67.02,134.04
1468,CUST0226,PROD023,2023-09-29,Yoga Mat,Sports,2,158.43,316.86
1469,CUST0112,PROD006,2023-04-20,Dress,Clothing,4,130.89,523.56
1470,CUST0180,PROD028,2023-02-21,T-Shirt,Clothing,4,126.12,504.48
1471,CUST0128,PROD036,2023-06-11,Jeans,Clothing,1,69.85,69.85
1472,CUST0155,PROD014,2023-11-04,Water Bottle,Sports,1,81.96,81.96
1473,CUST0152,PROD042,2023-09-23,Water Bottle,Sports,4,59.33,237.32
1474,CUST0256,PROD041,2023-01-28,Dress,Clothing,2,89.46,178.92
1475,CUST0185,PROD021,2023-11-01,Smartwatch,Electronics,1,1355.34,1355.34
1476,CUST0089,PROD049,2023-03-09,Biography,Books,5,39.46,197.3
1477,CUST0135,PROD014,2023-08-30,Laptop,Electronics,1,963.57,963.57
1478,CUST0213,PROD028,2023-01-21,Tablet,Electronics,5,858.59,4292.95
1479,CUST0079,PROD018,2023-12-26,Fiction Novel,Books,5,54.84,274.2
1480,CUST0080,PROD035,2023-02-12,Blender,Home & Kitchen,2,168.05,336.1
1481,CUST0159,PROD045,2023-06-17,Biography,Books,1,54.4,54.4
1482,CUST0060,PROD030,2023-08-12,T-Shirt,Clothing,4,64.01,256.04
1483,CUST0062,PROD001,2023-11-10,Yoga Mat,Sports,2,87.68,175.36
1484,CUST0268,PROD034,2023-12-29,T-Shirt,Clothing,3,49.49,148.47
1485,CUST0061,PROD050,2023-05-13,Jacket,Clothing,3,42.85,128.55
1486,CUST0135,PROD046,2023-01-16,Cookware Set,Home & Kitchen,1,103.43,103.43
1487,CUST0029,PROD032,2023-10-23,Tablet,Electronics,3,791.76,2375.28
1488,CUST0294,PROD044,2023-10-18,Jacket,Clothing,1,48.32,48.32
1489,CUST0126,PROD003,2023-03-01,Sneakers,Clothing,1,20.46,20.46
1490,CUST0019,PROD036,2023-08-30,Cookware Set,Home & Kitchen,2,278.46,556.92
1491,CUST0164,PROD018,2023-12-02,Self-Help Book,Books,4,32.53,130.12
1492,CUST0092,PROD015,2023-02-09,Running Shoes,Sports,1,43.06,43.06
1493,CUST0145,PROD050,2023-09-22,Tablet,Electronics,4,289.6,1158.4
1494,CUST0189,PROD013,2023-06-09,Blender,Home & Kitchen,1,179.33,179.33
1495,CUST0238,PROD024,2023-05-30,Running Shoes,Sports,2,188.8,377.6
1496,CUST0126,PROD010,2023-10-30,Self-Help Book,Books,5,61.27,306.35
1497,CUST0005,PROD022,2023-01-04,Fiction Novel,Books,3,26.31,78.93
1498,CUST0122,PROD027,2023-01-01,Textbook,Books,5,17.28,86.4
1499,CUST0023,PROD015,2023-09-09,Smartphone,Electronics,1,1125.15,1125.15
1500,CUST0298,PROD007,2023-09-24,Textbook,Books,1,42.09,42.09
1501,CUST0032,PROD028,2023-09-16,Dress,Clothing,5,33.47,167.35
1502,CUST0202,PROD045,2023-12-06,Jeans,Clothing,3,72.5,217.5
1503,CUST0104,PROD009,2023-06-17,Cookware Set,Home & Kitchen,1,103.43,103.43
1504,CUST0239,PROD021,2023-10-27,Smartphone,Electronics,4,337.36,1349.44
1505,CUST0232,PROD020,2023-07-28,Smartwatch,Electronics,2,665.77,1331.54
1506,CUST0021,PROD014,2023-08-26,Blender,Home & Kitchen,3,54.41,163.23
1507,CUST0203,PROD033,2023-06-17,T-Shirt,Clothing,3,148.01,444.03
1508,CUST0016,PROD026,2023-01-26,Vacuum,Home & Kitchen,2,251.42,502.84
1509,CUST0053,PROD009,2023-08-20,Water Bottle,Sports,4,73.72,294.88
1510,CUST0067,PROD013,2023-03-04,Laptop,Electronics,2,1279.48,2558.96
1511,CUST0039,PROD002,2023-07-25,Blender,Home & Kitchen,3,187.23,561.69
1512,CUST0170,PROD008,2023-02-03,Dress,Clothing,1,165.67,165.67
1513,CUST0222,PROD047,2023-01-22,Fiction Novel,Books,5,21.76,108.8
1514,CUST0089,PROD023,2023-07-22,Fiction Novel,Books,4,36.79,147.16
1515,CUST0018,PROD040,2023-04-20,Jacket,Clothing,2,70.37,140.74
1516,CUST0211,PROD036,2023-11-14,Dumbbells,Sports,4,167.11,668.44
1517,CUST0215,PROD013,2023-09-03,Laptop,Electronics,2,563.71,1127.42
1518,CUST0010,PROD025,2023-11-26,Dumbbells,Sports,5,163.23,816.15
1519,CUST0290,PROD033,2023-07-03,Biography,Books,3,64.7,194.1
1520,CUST0113,PROD002,2023-06-14,Textbook,Books,3,22.59,67.77
1521,CUST0120,PROD011,2023-05-24,Tablet,Electronics,5,888.26,4441.3
1522,CUST0113,PROD037,2023-02-21,Jeans,Clothing,1,67.97,67.97
1523,CUST0163,PROD048,2023-07-18,Coffee Maker,Home & Kitchen,5,77.55,387.75
1524,CUST0291,PROD037,2023-12-24,Lamp,Home & Kitchen,3,37.62,112.86
1525,CUST0278,PROD020,2023-03-14,Dumbbells,Sports,4,211.62,846.48
1526,CUST0113,PROD002,2023-03-31,Fiction Novel,Books,2,16.32,32.64
1527,CUST0104,PROD009,2023-09-27,Fiction Novel,Books,5,33.22,166.1
1528,CUST0073,PROD050,2023-06-24,Jacket,Clothing,2,30.72,61.44
1529,CUST0203,PROD038,2023-02-26,Running Shoes,Sports,3,240.73,722.19
1530,CUST0224,PROD041,2023-02-21,Vacuum,Home & Kitchen,2,117.1,234.2
1531,CUST0183,PROD015,2023-09-07,Coffee Maker,Home & Kitchen,5,220.94,1104.7
1532,CUST0066,PROD012,2023-12-07,Dumbbells,Sports,3,103.92,311.76
1533,CUST0017,PROD012,2023-01-01,Cycling Helmet,Sports,5,214.93,1074.65
1534,CUST0054,PROD032,2023-11-05,Lamp,Home & Kitchen,5,89.64,448.2
1535,CUST0086,PROD041,2023-03-14,Blender,Home & Kitchen,3,94.26,282.78
1536,CUST0128,PROD045,2023-02-15,Cookware Set,Home & Kitchen,2,33.08,66.16
1537,CUST0025,PROD025,2023-02-04,Vacuum,Home & Kitchen,1,242.5,242.5
1538,CUST0194,PROD023,2023-08-13,Self-Help Book,Books,4,71.92,287.68
1539,CUST0116,PROD011,2023-10-07,Fiction Novel,Books,5,68.02,340.1
1540,CUST0134,PROD007,2023-08-20,Laptop,Electronics,3,583.38,1750.14
1541,CUST0039,PROD036,2023-02-07,Coffee Maker,Home & Kitchen,2,269.74,539.48
1542,CUST0016,PROD028,2023-02-17,Lamp,Home & Kitchen,4,296.02,1184.08
1543,CUST0028,PROD007,2023-12-01,Sneakers,Clothing,2,180.16,360.32
1544,CUST0277,PROD017,2023-06-19,Jeans,Clothing,5,93.67,468.35
1545,CUST0202,PROD037,2023-12-05,Vacuum,Home & Kitchen,1,94.14,94.14
1546,CUST0219,PROD006,2023-10-09,Self-Help Book,Books,1,13.82,13.82
1547,CUST0106,PROD011,2023-05-31,Cycling Helmet,Sports,1,61.92,61.92
1548,CUST0158,PROD026,2023-11-23,Blender,Home & Kitchen,1,157.86,157.86
1549,CUST0199,PROD012,2023-08-30,Textbook,Books,5,16.38,81.9
1550,CUST0135,PROD029,2023-07-09,Textbook,Books,1,23.06,23.06
1551,CUST0032,PROD010,2023-08-27,Coffee Maker,Home & Kitchen,5,256.01,1280.05
1552,CUST0212,PROD049,2023-12-23,Laptop,Electronics,5,1068.58,5342.9
1553,CUST0268,PROD027,2023-10-29,Sneakers,Clothing,4,30.98,123.92
1554,CUST0154,PROD006,2023-10-02,Biography,Books,4,71.72,286.88
1555,CUST0293,PROD044,2023-07-22,Smartwatch,Electronics,5,942.59,4712.95
1556,CUST0089,PROD011,2023-11-14,T-Shirt,Clothing,4,190.87,763.48
1557,CUST0223,PROD013,2023-04-19,Jeans,Clothing,1,27.68,27.68
1558,CUST0045,PROD025,2023-11-18,Sneakers,Clothing,1,66.42,66.42
1559,CUST0267,PROD030,2023-10-12,Biography,Books,3,32.83,98.49
1560,CUST0058,PROD027,2023-01-07,Water Bottle,Sports,4,137.8,551.2
1561,CUST0055,PROD037,2023-03-18,Sneakers,Clothing,1,125.83,125.83
1562,CUST0136,PROD025,2023-02-21,Lamp,Home & Kitchen,4,267.64,1070.56
1563,CUST0089,PROD018,2023-12-02,Biography,Books,1,52.63,52.63
1564,CUST0020,PROD026,2023-07-26,Sneakers,Clothing,4,129.56,518.24
1565,CUST0191,PROD002,2023-06-19,T-Shirt,Clothing,3,154.23,462.69
1566,CUST0051,PROD015,2023-06-22,Vacuum,Home & Kitchen,4,105.69,422.76
1567,CUST0138,PROD047,2023-03-10,Cookware Set,Home & Kitchen,3,238.99,716.97
1568,CUST0209,PROD048,2023-08-02,Yoga Mat,Sports,2,59.16,118.32
1569,CUST0082,PROD005,2023-09-06,Running Shoes,Sports,5,207.94,1039.7
1570,CUST0292,PROD002,2023-06-09,Cycling Helmet,Sports,5,46.88,234.4
1571,CUST0017,PROD030,2023-03-30,Jeans,Clothing,2,170.66,341.32
1572,CUST0259,PROD026,2023-01-26,Coffee Maker,Home & Kitchen,4,103.97,415.88
1573,CUST0229,PROD012,2023-11-22,Laptop,Electronics,4,514.52,2058.08
1574,CUST0133,PROD048,2023-08-31,Water Bottle,Sports,2,97.19,194.38
1575,CUST0084,PROD037,2023-12-19,Headphones,Electronics,1,235.69,235.69
1576,CUST0210,PROD033,2023-04-20,Jeans,Clothing,3,141.99,425.97
1577,CUST0005,PROD015,2023-01-11,Tablet,Electronics,2,1384.97,2769.94
1578,CUST0217,PROD025,2023-05-10,Running Shoes,Sports,3,182.49,547.47
1579,CUST0267,PROD040,2023-06-28,Textbook,Books,3,25.27,75.81
1580,CUST0288,PROD042,2023-07-23,Yoga Mat,Sports,3,16.73,50.19
1581,CUST0247,PROD005,2023-11-01,Running Shoes,Sports,1,85.14,85.14
1582,CUST0153,PROD013,2023-06-22,Vacuum,Home & Kitchen,3,262.6,787.8
1583,CUST0207,PROD043,2023-03-18,Dumbbells,Sports,5,226.43,1132.15
1584,CUST0133,PROD027,2023-06-13,T-Shirt,Clothing,3,137.97,413.91
1585,CUST0098,PROD022,2023-07-27,Fiction Novel,Books,5,50.81,254.05
1586,CUST0260,PROD020,2023-04-24,Cycling Helmet,Sports,3,228.03,684.09
1587,CUST0066,PROD048,2023-03-29,Dumbbells,Sports,4,84.04,336.16
1588,CUST0046,PROD015,2023-05-13,Dumbbells,Sports,3,237.53,712.59
1589,CUST0191,PROD017,2023-07-01,Jacket,Clothing,3,95.69,287.07
1590,CUST0028,PROD041,2023-10-27,Cookware Set,Home & Kitchen,4,259.83,1039.32
1591,CUST0257,PROD008,2023-10-26,Water Bottle,Sports,2,31.74,63.48
1592,CUST0078,PROD009,2023-12-15,Biography,Books,1,30.88,30.88
1593,CUST0074,PROD021,2023-04-13,Cookware Set,Home & Kitchen,4,296.54,1186.16
1594,CUST0161,PROD041,2023-04-03,Tablet,Electronics,2,632.42,1264.84
1595,CUST0296,PROD049,2023-01-30,Tablet,Electronics,2,555.59,1111.18
1596,CUST0220,PROD026,2023-03-23,Fiction Novel,Books,4,19.06,76.24
1597,CUST0103,PROD047,2023-08-08,Comic Book,Books,5,10.33,51.65
1598,CUST0098,PROD002,2023-07-11,Headphones,Electronics,5,1183.9,5919.5
1599,CUST0160,PROD009,2023-12-13,Smartphone,Electronics,3,494.15,1482.45
1600,CUST0034,PROD003,2023-02-22,Biography,Books,2,51.21,102.42
1601,CUST0269,PROD022,2023-06-02,Cookware Set,Home & Kitchen,5,226.51,1132.55
1602,CUST0184,PROD049,2023-08-11,Jacket,Clothing,4,199.31,797.24
1603,CUST0068,PROD014,2023-04-07,Dress,Clothing,2,23.44,46.88
1604,CUST0020,PROD025,2023-01-12,Water Bottle,Sports,3,54.71,164.13
1605,CUST0025,PROD043,2023-11-24,Lamp,Home & Kitchen,5,198.25,991.25
1606,CUST0228,PROD025,2023-02-25,Laptop,Electronics,4,1096.67,4386.68
1607,CUST0106,PROD045,2023-03-05,Running Shoes,Sports,2,126.48,252.96
1608,CUST0267,PROD018,2023-12-18,Headphones,Electronics,1,747.13,747.13
1609,CUST0262,PROD047,2023-11-15,Dumbbells,Sports,1,113.42,113.42
1610,CUST0255,PROD013,2023-11-13,Headphones,Electronics,1,348.22,348.22
1611,CUST0184,PROD046,2023-11-08,Jacket,Clothing,2,169.67,339.34
1612,CUST0107,PROD045,2023-07-29,Coffee Maker,Home & Kitchen,4,40.64,162.56
1613,CUST0057,PROD037,2023-09-04,Coffee Maker,Home & Kitchen,1,30.74,30.74
1614,CUST0039,PROD047,2023-12-09,Self-Help Book,Books,5,76.46,382.3
1615,CUST0136,PROD030,2023-02-21,Coffee Maker,Home & Kitchen,3,153.32,459.96
1616,CUST0185,PROD044,2023-01-26,Smartphone,Electronics,3,1336.38,4009.14
1617,CUST0005,PROD009,2023-06-10,Fiction Novel,Books,1,16.65,16.65
1618,CUST0138,PROD047,2023-12-06,Jacket,Clothing,4,84.35,337.4
1619,CUST0205,PROD030,2023-02-17,Vacuum,Home & Kitchen,4,79.37,317.48
1620,CUST0058,PROD009,2023-05-20,Comic Book,Books,2,65.99,131.98
1621,CUST0248,PROD037,2023-12-23,Smartphone,Electronics,5,334.83,1674.15
1622,CUST0015,PROD044,2023-12-14,Self-Help Book,Books,3,52.79,158.37
1623,CUST0226,PROD003,2023-03-08,Comic Book,Books,4,17.91,71.64
1624,CUST0296,PROD047,2023-02-02,Vacuum,Home & Kitchen,5,33.34,166.7
1625,CUST0049,PROD028,2023-10-17,Jacket,Clothing,5,113.44,567.2
1626,CUST0077,PROD036,2023-12-05,Dress,Clothing,4,82.23,328.92
1627,CUST0259,PROD031,2023-11-10,Laptop,Electronics,2,1036.42,2072.84
1628,CUST0124,PROD022,2023-09-11,T-Shirt,Clothing,3,155.26,465.78
1629,CUST0207,PROD016,2023-05-23,Smartwatch,Electronics,4,489.52,1958.08
1630,CUST0046,PROD032,2023-02-10,Comic Book,Books,4,66.09,264.36
1631,CUST0053,PROD026,2023-08-17,Blender,Home & Kitchen,1,294.78,294.78
1632,CUST0156,PROD033,2023-07-31,Smartwatch,Electronics,1,913.83,913.83
1633,CUST0028,PROD015,2023-10-15,Dress,Clothing,3,191.06,573.18
1634,CUST0243,PROD046,2023-08-21,Lamp,Home & Kitchen,5,237.2,1186.0
1635,CUST0002,PROD022,2023-12-03,Cookware Set,Home & Kitchen,2,60.79,121.58
1636,CUST0024,PROD011,2023-07-01,Lamp,Home & Kitchen,1,170.94,170.94
1637,CUST0101,PROD013,2023-09-10,Dress,Clothing,5,39.25,196.25
1638,CUST0174,PROD007,2023-03-03,Self-Help Book,Books,2,41.99,83.98
1639,CUST0235,PROD043,2023-08-01,Smartwatch,Electronics,4,360.18,1440.72
1640,CUST0272,PROD048,2023-10-29,Dumbbells,Sports,1,241.51,241.51
1641,CUST0261,PROD050,2023-01-25,Cycling Helmet,Sports,4,212.12,848.48
1642,CUST0054,PROD025,2023-04-01,Dumbbells,Sports,2,186.67,373.34
1643,CUST0197,PROD027,2023-12-03,Water Bottle,Sports,5,222.43,1112.15
1644,CUST0151,PROD029,2023-11-08,Jacket,Clothing,3,91.62,274.86
1645,CUST0154,PROD045,2023-03-10,Dress,Clothing,5,128.45,642.25
1646,CUST0108,PROD040,2023-10-08,Lamp,Home & Kitchen,2,200.8,401.6
1647,CUST0258,PROD035,2023-05-29,Coffee Maker,Home & Kitchen,2,294.96,589.92
1648,CUST0246,PROD038,2023-12-22,Blender,Home & Kitchen,5,235.41,1177.05
1649,CUST0007,PROD034,2023-10-20,Biography,Books,4,30.01,120.04
1650,CUST0103,PROD018,2023-02-24,Tablet,Electronics,1,388.92,388.92
1651,CUST0152,PROD014,2023-03-24,Vacuum,Home & Kitchen,1,69.54,69.54
1652,CUST0288,PROD015,2023-10-05,Headphones,Electronics,1,1258.23,1258.23
1653,CUST0025,PROD025,2023-11-28,Cycling Helmet,Sports,3,70.83,212.49
1654,CUST0007,PROD048,2023-07-18,Textbook,Books,1,77.61,77.61
1655,CUST0116,PROD041,2023-05-09,Sneakers,Clothing,4,176.39,705.56
1656,CUST0101,PROD050,2023-12-27,Lamp,Home & Kitchen,5,177.59,887.95
1657,CUST0096,PROD012,2023-04-10,Cookware Set,Home & Kitchen,1,77.9,77.9
1658,CUST0285,PROD017,2023-09-21,Tablet,Electronics,3,252.82,758.46
1659,CUST0170,PROD030,2023-03-08,Sneakers,Clothing,1,172.28,172.28
1660,CUST0027,PROD050,2023-12-30,T-Shirt,Clothing,3,47.67,143.01
1661,CUST0282,PROD023,2023-11-17,Running Shoes,Sports,5,130.28,651.4
1662,CUST0267,PROD005,2023-02-07,Lamp,Home & Kitchen,2,89.39,178.78
1663,CUST0048,PROD023,2023-09-16,Dress,Clothing,4,117.75,471.0
1664,CUST0112,PROD049,2023-04-24,Jacket,Clothing,3,79.59,238.77
1665,CUST0059,PROD043,2023-11-13,Cycling Helmet,Sports,1,249.21,249.21
1666,CUST0125,PROD003,2023-06-27,Self-Help Book,Books,5,73.31,366.55
1667,CUST0198,PROD017,2023-12-16,Cookware Set,Home & Kitchen,1,277.3,277.3
1668,CUST0264,PROD033,2023-10-04,Blender,Home & Kitchen,3,276.06,828.18
1669,CUST0165,PROD033,2023-08-17,Fiction Novel,Books,2,30.75,61.5
1670,CUST0274,PROD001,2023-02-12,Smartphone,Electronics,5,1463.12,7315.6
1671,CUST0218,PROD007,2023-11-17,Smartphone,Electronics,2,1071.44,2142.88
1672,CUST0079,PROD002,2023-04-16,Cycling Helmet,Sports,1,166.94,166.94
1673,CUST0092,PROD017,2023-08-24,Blender,Home & Kitchen,1,53.63,53.63
1674,CUST0209,PROD025,2023-10-13,Smartwatch,Electronics,3,1268.11,3804.33
1675,CUST0061,PROD035,2023-08-19,Comic Book,Books,4,32.15,128.6
1676,CUST0024,PROD045,2023-01-04,Yoga Mat,Sports,5,192.65,963.25
1677,CUST0045,PROD019,2023-02-07,Lamp,Home & Kitchen,3,58.66,175.98
1678,CUST0243,PROD011,2023-08-13,Comic Book,Books,1,67.55,67.55
1679,CUST0152,PROD041,2023-10-01,Jeans,Clothing,5,154.42,772.1
1680,CUST0284,PROD036,2023-03-15,Vacuum,Home & Kitchen,1,288.5,288.5
1681,CUST0202,PROD035,2023-03-14,Laptop,Electronics,5,206.54,1032.7
1682,CUST0109,PROD027,2023-10-08,Headphones,Electronics,3,473.07,1419.21
1683,CUST0130,PROD013,2023-11-27,Dumbbells,Sports,2,52.82,105.64
1684,CUST0237,PROD042,2023-02-28,Sneakers,Clothing,5,173.41,867.05
1685,CUST0051,PROD013,2023-10-09,Headphones,Electronics,3,1073.19,3219.57
1686,CUST0052,PROD019,2023-10-25,Textbook,Books,2,35.0,70.0
1687,CUST0169,PROD040,2023-11-14,Smartphone,Electronics,4,613.12,2452.48
1688,CUST0187,PROD021,2023-12-04,Lamp,Home & Kitchen,5,71.15,355.75
1689,CUST0224,PROD018,2023-08-08,T-Shirt,Clothing,2,76.38,152.76
1690,CUST0229,PROD023,2023-07-04,Jacket,Clothing,4,178.02,712.08
1691,CUST0042,PROD018,2023-06-06,Biography,Books,5,17.62,88.1
1692,CUST0039,PROD002,2023-03-13,Dumbbells,Sports,1,76.86,76.86
1693,CUST0109,PROD003,2023-09-17,Smartwatch,Electronics,5,952.57,4762.85
1694,CUST0242,PROD042,2023-10-10,Lamp,Home & Kitchen,5,271.38,1356.9
1695,CUST0149,PROD009,2023-03-18,Cookware Set,Home & Kitchen,5,90.29,451.45
1696,CUST0258,PROD001,2023-08-26,Water Bottle,Sports,3,36.28,108.84
1697,CUST0072,PROD029,2023-12-06,Sneakers,Clothing,5,143.15,715.75
1698,CUST0248,PROD023,2023-03-23,Sneakers,Clothing,2,190.77,381.54
1699,CUST0190,PROD015,2023-01-21,Dress,Clothing,3,61.71,185.13
1700,CUST0199,PROD031,2023-01-22,Sneakers,Clothing,3,183.39,550.17
1701,CUST0053,PROD046,2023-08-21,Laptop,Electronics,3,1474.77,4424.31
1702,CUST0090,PROD025,2023-09-24,Vacuum,Home & Kitchen,5,186.23,931.15
1703,CUST0265,PROD017,2023-12-01,Textbook,Books,1,51.14,51.14
1704,CUST0250,PROD031,2023-07-12,Sneakers,Clothing,3,93.05,279.15
1705,CUST0085,PROD015,2023-11-06,Smartwatch,Electronics,4,1346.64,5386.56
1706,CUST0081,PROD024,2023-02-09,Running Shoes,Sports,2,64.71,129.42
1707,CUST0059,PROD031,2023-11-05,Smartphone,Electronics,3,739.0,2217.0
1708,CUST0211,PROD002,2023-12-12,Comic Book,Books,2,24.75,49.5
1709,CUST0069,PROD041,2023-05-05,Smartphone,Electronics,2,945.53,1891.06
1710,CUST0133,PROD012,2023-09-20,Smartwatch,Electronics,2,390.92,781.84
1711,CUST0146,PROD006,2023-09-22,Biography,Books,1,77.85,77.85
1712,CUST0088,PROD015,2023-04-21,Biography,Books,4,79.49,317.96
1713,CUST0262,PROD017,2023-07-30,Dumbbells,Sports,2,201.73,403.46
1714,CUST0118,PROD025,2023-03-27,Cookware Set,Home & Kitchen,1,191.06,191.06
1715,CUST0259,PROD044,2023-07-17,T-Shirt,Clothing,5,22.98,114.9
1716,CUST0020,PROD035,2023-08-03,Sneakers,Clothing,4,37.33,149.32
1717,CUST0277,PROD001,2023-09-15,Laptop,Electronics,2,826.91,1653.82
1718,CUST0272,PROD028,2023-12-14,Biography,Books,1,39.45,39.45
1719,CUST0051,PROD028,2023-04-28,Comic Book,Books,5,34.54,172.7
1720,CUST0146,PROD039,2023-03-10,Cookware Set,Home & Kitchen,1,236.78,236.78
1721,CUST0296,PROD034,2023-10-06,Textbook,Books,1,23.23,23.23
1722,CUST0162,PROD027,2023-03-02,Yoga Mat,Sports,2,103.13,206.26
1723,CUST0130,PROD017,2023-07-05,Smartphone,Electronics,5,753.89,3769.45
1724,CUST0204,PROD049,2023-10-02,Biography,Books,3,35.6,106.8
1725,CUST0092,PROD024,2023-04-15,Biography,Books,4,64.87,259.48
1726,CUST0296,PROD023,2023-10-14,Cycling Helmet,Sports,3,74.64,223.92
1727,CUST0118,PROD029,2023-12-28,Self-Help Book,Books,1,69.85,69.85
1728,CUST0174,PROD036,2023-12-25,T-Shirt,Clothing,4,58.6,234.4
1729,CUST0047,PROD010,2023-11-11,Smartphone,Electronics,1,705.83,705.83
1730,CUST0114,PROD024,2023-08-30,Cycling Helmet,Sports,3,35.71,107.13
1731,CUST0267,PROD019,2023-02-10,Yoga Mat,Sports,4,185.26,741.04
1732,CUST0254,PROD029,2023-12-31,Yoga Mat,Sports,2,237.24,474.48
1733,CUST0262,PROD034,2023-01-06,Sneakers,Clothing,1,71.48,71.48
1734,CUST0185,PROD016,2023-12-24,Sneakers,Clothing,1,50.51,50.51
1735,CUST0205,PROD023,2023-12-02,Smartphone,Electronics,3,312.9,938.7
1736,CUST0008,PROD048,2023-12-09,Comic Book,Books,5,51.03,255.15
1737,CUST0299,PROD023,2023-12-27,Laptop,Electronics,5,914.47,4572.35
1738,CUST0233,PROD026,2023-06-27,Coffee Maker,Home & Kitchen,2,193.72,387.44
1739,CUST0055,PROD036,2023-10-22,Headphones,Electronics,5,427.55,2137.75
1740,CUST0263,PROD017,2023-02-07,Running Shoes,Sports,1,94.89,94.89
1741,CUST0289,PROD031,2023-10-03,Running Shoes,Sports,4,178.14,712.56
1742,CUST0015,PROD031,2023-05-05,Cookware Set,Home & Kitchen,5,214.03,1070.15
1743,CUST0118,PROD021,2023-03-01,Blender,Home & Kitchen,2,133.32,266.64
1744,CUST0128,PROD019,2023-07-31,Lamp,Home & Kitchen,3,174.63,523.89
1745,CUST0244,PROD021,2023-02-17,Textbook,Books,2,15.32,30.64
1746,CUST0256,PROD048,2023-07-01,Sneakers,Clothing,2,68.43,136.86
1747,CUST0118,PROD013,2023-04-13,Jeans,Clothing,2,177.09,354.18
1748,CUST0062,PROD006,2023-05-08,Running Shoes,Sports,1,51.66,51.66
1749,CUST0022,PROD031,2023-12-13,Biography,Books,5,10.46,52.3
1750,CUST0141,PROD032,2023-07-10,Running Shoes,Sports,5,130.7,653.5
1751,CUST0066,PROD004,2023-04-04,Running Shoes,Sports,5,108.5,542.5
1752,CUST0258,PROD023,2023-09-27,Comic Book,Books,1,75.78,75.78
1753,CUST0236,PROD021,2023-07-21,Dress,Clothing,5,195.77,978.85
1754,CUST0298,PROD007,2023-12-19,Laptop,Electronics,4,1076.33,4305.32
1755,CUST0281,PROD017,2023-06-16,Lamp,Home & Kitchen,2,262.7,525.4
1756,CUST0188,PROD012,2023-05-02,Cookware Set,Home & Kitchen,3,288.8,866.4
1757,CUST0187,PROD026,2023-09-13,Self-Help Book,Books,3,39.34,118.02
1758,CUST0118,PROD007,2023-05-24,Self-Help Book,Books,5,50.0,250.0
1759,CUST0101,PROD010,2023-05-19,Sneakers,Clothing,4,97.8,391.2
1760,CUST0069,PROD041,2023-03-18,Fiction Novel,Books,4,22.36,89.44
1761,CUST0129,PROD036,2023-09-22,Running Shoes,Sports,3,199.55,598.65
1762,CUST0031,PROD014,2023-10-18,Tablet,Electronics,2,328.67,657.34
1763,CUST0134,PROD024,2023-05-11,Fiction Novel,Books,3,41.49,124.47
1764,CUST0177,PROD002,2023-07-04,Water Bottle,Sports,3,233.98,701.94
1765,CUST0102,PROD037,2023-07-30,Headphones,Electronics,5,1327.58,6637.9
1766,CUST0182,PROD021,2023-10-22,Dumbbells,Sports,3,245.15,735.45
1767,CUST0041,PROD025,2023-12-11,Cycling Helmet,Sports,4,197.06,788.24
1768,CUST0086,PROD041,2023-11-11,Cookware Set,Home & Kitchen,2,200.56,401.12
1769,CUST0041,PROD011,2023-06-22,Biography,Books,1,50.01,50.01
1770,CUST0137,PROD039,2023-06-25,Jacket,Clothing,3,77.04,231.12
1771,CUST0267,PROD029,2023-11-27,Textbook,Books,3,72.14,216.42
1772,CUST0121,PROD043,2023-07-31,Jeans,Clothing,2,173.76,347.52
1773,CUST0049,PROD005,2023-05-09,Smartphone,Electronics,1,416.98,416.98
1774,CUST0269,PROD049,2023-08-31,Yoga Mat,Sports,4,21.2,84.8
1775,CUST0200,PROD020,2023-02-12,Headphones,Electronics,1,1003.53,1003.53
1776,CUST0068,PROD034,2023-04-28,Jacket,Clothing,2,99.77,199.54
1777,CUST0244,PROD030,2023-03-29,Laptop,Electronics,3,1062.61,3187.83
1778,CUST0091,PROD038,2023-10-04,Lamp,Home & Kitchen,5,150.11,750.55
1779,CUST0159,PROD023,2023-11-02,Biography,Books,5,40.45,202.25
1780,CUST0158,PROD024,2023-09-04,Dumbbells,Sports,4,204.11,816.44
1781,CUST0268,PROD049,2023-07-31,Coffee Maker,Home & Kitchen,1,111.96,111.96
1782,CUST0252,PROD049,2023-03-11,Vacuum,Home & Kitchen,1,156.68,156.68
1783,CUST0119,PROD001,2023-09-02,Blender,Home & Kitchen,3,236.78,710.34
1784,CUST0224,PROD026,2023-10-08,Coffee Maker,Home & Kitchen,5,141.17,705.85
1785,CUST0135,PROD006,2023-05-08,Dress,Clothing,2,169.12,338.24
1786,CUST0140,PROD019,2023-08-05,Sneakers,Clothing,5,157.62,788.1
1787,CUST0094,PROD009,2023-11-29,Running Shoes,Sports,1,112.03,112.03
1788,CUST0252,PROD013,2023-05-29,Tablet,Electronics,3,1003.05,3009.15
1789,CUST0012,PROD012,2023-06-14,Smartphone,Electronics,5,264.52,1322.6
1790,CUST0005,PROD015,2023-02-22,Vacuum,Home & Kitchen,4,63.76,255.04
1791,CUST0216,PROD020,2023-02-16,T-Shirt,Clothing,3,108.84,326.52
1792,CUST0170,PROD006,2023-09-13,Cookware Set,Home & Kitchen,1,218.17,218.17
1793,CUST0279,PROD031,2023-03-16,Headphones,Electronics,1,1208.35,1208.35
1794,CUST0063,PROD050,2023-04-03,Jacket,Clothing,1,167.11,167.11
1795,CUST0102,PROD030,2023-05-08,Comic Book,Books,1,27.3,27.3
1796,CUST0166,PROD011,2023-02-18,Dumbbells,Sports,3,126.11,378.33
1797,CUST0247,PROD041,2023-11-19,Smartwatch,Electronics,3,877.2,2631.6
1798,CUST0058,PROD016,2023-06-02,Jacket,Clothing,2,179.75,359.5
1799,CUST0300,PROD008,2023-11-21,Textbook,Books,3,11.05,33.15
1800,CUST0244,PROD045,2023-07-22,T-Shirt,Clothing,5,194.39,971.95
1801,CUST0081,PROD032,2023-11-02,Jacket,Clothing,2,158.74,317.48
1802,CUST0031,PROD023,2023-02-16,Running Shoes,Sports,1,233.75,233.75
1803,CUST0250,PROD015,2023-11-27,Sneakers,Clothing,2,162.46,324.92
1804,CUST0099,PROD002,2023-06-12,Running Shoes,Sports,4,204.3,817.2
1805,CUST0021,PROD032,2023-12-19,Textbook,Books,3,60.71,182.13
1806,CUST0098,PROD037,2023-12-28,Biography,Books,4,30.63,122.52
1807,CUST0141,PROD039,2023-04-06,Running Shoes,Sports,4,91.07,364.28
1808,CUST0152,PROD017,2023-10-11,T-Shirt,Clothing,4,115.6,462.4
1809,CUST0195,PROD047,2023-10-05,Cookware Set,Home & Kitchen,5,30.19,150.95
1810,CUST0123,PROD021,2023-04-05,Smartwatch,Electronics,5,1313.88,6569.4
1811,CUST0283,PROD010,2023-02-02,Cycling Helmet,Sports,4,59.62,238.48
1812,CUST0057,PROD007,2023-11-10,Vacuum,Home & Kitchen,3,140.65,421.95
1813,CUST0092,PROD003,2023-09-25,Laptop,Electronics,2,1285.75,2571.5
1814,CUST0293,PROD042,2023-04-14,Tablet,Electronics,1,449.1,449.1
1815,CUST0132,PROD004,2023-07-18,Biography,Books,5,53.68,268.4
1816,CUST0107,PROD042,2023-07-07,Sneakers,Clothing,1,149.21,149.21
1817,CUST0185,PROD036,2023-09-09,Tablet,Electronics,1,1241.33,1241.33
1818,CUST0271,PROD003,2023-08-01,Blender,Home & Kitchen,3,252.38,757.14
1819,CUST0050,PROD007,2023-02-06,Blender,Home & Kitchen,5,285.04,1425.2
1820,CUST0128,PROD037,2023-04-29,Cycling Helmet,Sports,5,59.52,297.6
1821,CUST0055,PROD050,2023-11-17,Sneakers,Clothing,4,154.85,619.4
1822,CUST0054,PROD011,2023-11-23,Running Shoes,Sports,4,173.51,694.04
1823,CUST0274,PROD039,2023-04-03,Cycling Helmet,Sports,2,133.6,267.2
1824,CUST0191,PROD027,2023-08-15,Vacuum,Home & Kitchen,3,178.52,535.56
1825,CUST0280,PROD014,2023-11-21,Textbook,Books,5,52.59,262.95
1826,CUST0230,PROD026,2023-07-12,Running Shoes,Sports,4,99.6,398.4
1827,CUST0070,PROD020,2023-01-01,Headphones,Electronics,5,974.49,4872.45
1828,CUST0012,PROD050,2023-01-04,Coffee Maker,Home & Kitchen,3,88.0,264.0
1829,CUST0293,PROD010,2023-12-20,Lamp,Home & Kitchen,5,168.04,840.2
1830,CUST0136,PROD024,2023-02-18,Tablet,Electronics,2,662.35,1324.7
1831,CUST0048,PROD037,2023-10-26,Jeans,Clothing,3,66.12,198.36
1832,CUST0248,PROD012,2023-07-24,Dumbbells,Sports,3,187.55,562.65
1833,CUST0020,PROD047,2023-09-07,Yoga Mat,Sports,3,154.88,464.64
1834,CUST0179,PROD028,2023-10-23,Fiction Novel,Books,3,64.61,193.83
1835,CUST0006,PROD041,2023-08-02,Smartphone,Electronics,5,1171.98,5859.9
1836,CUST0164,PROD035,2023-11-20,Fiction Novel,Books,1,31.33,31.33
1837,CUST0079,PROD004,2023-10-17,Jacket,Clothing,2,110.43,220.86
1838,CUST0259,PROD006,2023-12-11,Comic Book,Books,5,62.7,313.5
1839,CUST0068,PROD022,2023-04-24,Textbook,Books,2,65.05,130.1
1840,CUST0205,PROD017,2023-02-12,Biography,Books,5,62.17,310.85
1841,CUST0070,PROD031,2023-02-13,Biography,Books,2,40.41,80.82
1842,CUST0101,PROD036,2023-10-14,Dress,Clothing,5,91.16,455.8
1843,CUST0221,PROD021,2023-11-12,Dumbbells,Sports,3,71.94,215.82
1844,CUST0217,PROD024,2023-12-17,Yoga Mat,Sports,4,41.44,165.76
1845,CUST0157,PROD011,2023-06-28,Jacket,Clothing,1,82.01,82.01
1846,CUST0023,PROD015,2023-06-29,Cycling Helmet,Sports,4,161.45,645.8
1847,CUST0058,PROD048,2023-04-13,Coffee Maker,Home & Kitchen,1,234.59,234.59
1848,CUST0008,PROD022,2023-01-28,Sneakers,Clothing,3,186.81,560.43
1849,CUST0170,PROD014,2023-12-22,Headphones,Electronics,1,785.08,785.08
1850,CUST0281,PROD031,2023-10-03,Jeans,Clothing,3,118.36,355.08
1851,CUST0023,PROD017,2023-11-15,T-Shirt,Clothing,5,87.79,438.95
1852,CUST0139,PROD004,2023-03-29,Headphones,Electronics,5,460.9,2304.5
1853,CUST0185,PROD007,2023-08-27,Laptop,Electronics,3,705.24,2115.72
1854,CUST0261,PROD046,2023-01-10,Cookware Set,Home & Kitchen,4,92.42,369.68
1855,CUST0046,PROD012,2023-02-20,Cookware Set,Home & Kitchen,5,264.03,1320.15
1856,CUST0021,PROD016,2023-04-12,Cycling Helmet,Sports,1,146.76,146.76
1857,CUST0010,PROD023,2023-09-29,Vacuum,Home & Kitchen,2,162.28,324.56
1858,CUST0257,PROD018,2023-12-17,Vacuum,Home & Kitchen,2,198.81,397.62
1859,CUST0285,PROD018,2023-02-01,Cookware Set,Home & Kitchen,1,270.41,270.41
1860,CUST0045,PROD047,2023-04-26,Jacket,Clothing,2,181.49,362.98
1861,CUST0214,PROD016,2023-07-15,Water Bottle,Sports,2,220.08,440.16
1862,CUST0169,PROD029,2023-10-21,Dress,Clothing,5,194.7,973.5
1863,CUST0278,PROD044,2023-10-05,Jeans,Clothing,5,137.45,687.25
1864,CUST0070,PROD028,2023-04-14,Jacket,Clothing,5,143.94,719.7
1865,CUST0273,PROD047,2023-03-16,Dumbbells,Sports,5,89.61,448.05
1866,CUST0016,PROD049,2023-03-02,Jacket,Clothing,2,171.11,342.22
1867,CUST0078,PROD050,2023-06-13,Comic Book,Books,3,31.23,93.69
1868,CUST0137,PROD039,2023-04-07,Smartphone,Electronics,5,440.17,2200.85
1869,CUST0014,PROD023,2023-10-18,Dumbbells,Sports,2,155.14,310.28
1870,CUST0241,PROD046,2023-02-10,Self-Help Book,Books,5,45.16,225.8
1871,CUST0243,PROD009,2023-11-29,Coffee Maker,Home & Kitchen,4,260.07,1040.28
1872,CUST0139,PROD027,2023-03-25,Jeans,Clothing,1,25.8,25.8
1873,CUST0251,PROD045,2023-04-24,Jeans,Clothing,4,31.9,127.6
1874,CUST0195,PROD047,2023-06-16,Self-Help Book,Books,1,39.93,39.93
1875,CUST0275,PROD034,2023-06-10,Biography,Books,5,75.74,378.7
1876,CUST0022,PROD016,2023-11-25,Smartwatch,Electronics,4,342.11,1368.44
1877,CUST0286,PROD025,2023-09-23,Cycling Helmet,Sports,1,246.2,246.2
1878,CUST0156,PROD050,2023-09-22,Smartphone,Electronics,4,578.53,2314.12
1879,CUST0028,PROD045,2023-05-27,Self-Help Book,Books,5,39.57,197.85
1880,CUST0047,PROD047,2023-09-22,Dress,Clothing,4,169.38,677.52
1881,CUST0070,PROD026,2023-09-14,Smartphone,Electronics,5,1212.35,6061.75
1882,CUST0104,PROD030,2023-07-31,Cookware Set,Home & Kitchen,4,36.73,146.92
1883,CUST0064,PROD006,2023-02-16,Vacuum,Home & Kitchen,2,216.76,433.52
1884,CUST0262,PROD040,2023-02-28,Textbook,Books,4,15.97,63.88
1885,CUST0172,PROD037,2023-03-23,Biography,Books,2,36.64,73.28
1886,CUST0027,PROD027,2023-12-04,Jeans,Clothing,2,176.39,352.78
1887,CUST0061,PROD009,2023-06-07,Cookware Set,Home & Kitchen,2,107.97,215.94
1888,CUST0235,PROD032,2023-04-14,Smartwatch,Electronics,1,1195.01,1195.01
1889,CUST0122,PROD014,2023-09-13,Yoga Mat,Sports,4,157.88,631.52
1890,CUST0004,PROD016,2023-10-29,Comic Book,Books,1,38.71,38.71
1891,CUST0026,PROD012,2023-10-08,Lamp,Home & Kitchen,2,199.73,399.46
1892,CUST0296,PROD039,2023-03-17,Headphones,Electronics,1,247.74,247.74
1893,CUST0092,PROD011,2023-06-02,Blender,Home & Kitchen,4,43.24,172.96
1894,CUST0294,PROD036,2023-12-11,Lamp,Home & Kitchen,5,208.45,1042.25
1895,CUST0048,PROD050,2023-04-01,Biography,Books,1,35.21,35.21
1896,CUST0219,PROD036,2023-06-03,Vacuum,Home & Kitchen,1,272.33,272.33
1897,CUST0169,PROD034,2023-02-03,Cookware Set,Home & Kitchen,3,66.33,198.99
1898,CUST0030,PROD007,2023-07-31,Dumbbells,Sports,5,178.52,892.6
1899,CUST0148,PROD028,2023-10-20,Yoga Mat,Sports,5,128.66,643.3
1900,CUST0182,PROD009,2023-11-08,Vacuum,Home & Kitchen,5,171.86,859.3
1901,CUST0253,PROD012,2023-11-11,Cycling Helmet,Sports,4,137.13,548.52
1902,CUST0061,PROD002,2023-11-09,Jacket,Clothing,1,196.27,196.27
1903,CUST0212,PROD003,2023-08-27,Smartphone,Electronics,4,1239.43,4957.72
1904,CUST0006,PROD041,2023-06-20,Lamp,Home & Kitchen,2,247.63,495.26
1905,CUST0154,PROD033,2023-04-14,Vacuum,Home & Kitchen,3,243.35,730.05
1906,CUST0175,PROD026,2023-10-09,Blender,Home & Kitchen,3,60.74,182.22
1907,CUST0170,PROD022,2023-10-19,Yoga Mat,Sports,2,210.53,421.06
1908,CUST0247,PROD010,2023-12-11,Comic Book,Books,2,65.81,131.62
1909,CUST0212,PROD048,2023-11-18,Biography,Books,4,72.72,290.88
1910,CUST0285,PROD035,2023-01-29,Running Shoes,Sports,3,147.76,443.28
1911,CUST0034,PROD010,2023-01-10,Sneakers,Clothing,3,143.39,430.17
1912,CUST0085,PROD037,2023-05-24,Headphones,Electronics,5,1478.7,7393.5
1913,CUST0162,PROD046,2023-11-07,Self-Help Book,Books,3,51.66,154.98
1914,CUST0191,PROD029,2023-01-17,Cookware Set,Home & Kitchen,2,53.44,106.88
1915,CUST0192,PROD003,2023-06-04,Sneakers,Clothing,1,74.42,74.42
1916,CUST0257,PROD010,2023-04-14,Tablet,Electronics,4,857.79,3431.16
1917,CUST0159,PROD050,2023-04-08,Cookware Set,Home & Kitchen,5,227.76,1138.8
1918,CUST0068,PROD014,2023-06-17,T-Shirt,Clothing,5,167.98,839.9
1919,CUST0060,PROD001,2023-01-19,Comic Book,Books,5,59.96,299.8
1920,CUST0240,PROD003,2023-06-09,Smartwatch,Electronics,3,1333.44,4000.32
1921,CUST0108,PROD021,2023-02-22,Running Shoes,Sports,3,20.28,60.84
1922,CUST0226,PROD043,2023-04-13,Jacket,Clothing,3,69.8,209.4
1923,CUST0008,PROD040,2023-03-02,Coffee Maker,Home & Kitchen,1,72.52,72.52
1924,CUST0282,PROD021,2023-10-14,Yoga Mat,Sports,3,63.55,190.65
1925,CUST0037,PROD020,2023-05-19,Jacket,Clothing,2,123.33,246.66
1926,CUST0015,PROD031,2023-11-10,Lamp,Home & Kitchen,2,149.78,299.56
1927,CUST0219,PROD026,2023-12-12,Laptop,Electronics,1,698.68,698.68
1928,CUST0183,PROD020,2023-04-02,Water Bottle,Sports,4,162.93,651.72
1929,CUST0291,PROD009,2023-06-20,Sneakers,Clothing,4,34.14,136.56
1930,CUST0241,PROD015,2023-02-17,Fiction Novel,Books,4,41.89,167.56
1931,CUST0201,PROD012,2023-04-25,Sneakers,Clothing,3,66.45,199.35
1932,CUST0034,PROD031,2023-12-25,Vacuum,Home & Kitchen,1,152.39,152.39
1933,CUST0145,PROD050,2023-02-27,Cookware Set,Home & Kitchen,2,154.54,309.08
1934,CUST0208,PROD046,2023-06-28,Water Bottle,Sports,1,44.94,44.94
1935,CUST0273,PROD030,2023-02-24,Lamp,Home & Kitchen,3,205.35,616.05
1936,CUST0281,PROD011,2023-07-25,Cycling Helmet,Sports,2,71.07,142.14
1937,CUST0221,PROD028,2023-09-04,Fiction Novel,Books,5,33.85,169.25
1938,CUST0040,PROD048,2023-10-18,Lamp,Home & Kitchen,2,217.42,434.84
1939,CUST0238,PROD021,2023-12-31,Cycling Helmet,Sports,5,41.87,209.35
1940,CUST0036,PROD039,2023-10-12,Tablet,Electronics,4,429.03,1716.12
1941,CUST0047,PROD014,2023-02-25,Cycling Helmet,Sports,1,91.94,91.94
1942,CUST0232,PROD035,2023-03-13,Yoga Mat,Sports,2,192.91,385.82
1943,CUST0106,PROD044,2023-05-30,Biography,Books,2,50.46,100.92
1944,CUST0223,PROD046,2023-06-12,Lamp,Home & Kitchen,3,244.47,733.41
1945,CUST0207,PROD009,2023-06-26,Smartwatch,Electronics,5,210.56,1052.8
1946,CUST0001,PROD046,2023-05-31,Headphones,Electronics,1,1371.4,1371.4
1947,CUST0121,PROD028,2023-10-14,Blender,Home & Kitchen,1,262.54,262.54
1948,CUST0208,PROD025,2023-12-26,Cycling Helmet,Sports,4,161.93,647.72
1949,CUST0072,PROD013,2023-08-11,Dumbbells,Sports,4,170.68,682.72
1950,CUST0148,PROD043,2023-10-12,Textbook,Books,2,68.8,137.6
1951,CUST0074,PROD047,2023-03-06,T-Shirt,Clothing,1,32.91,32.91
1952,CUST0234,PROD045,2023-09-07,Self-Help Book,Books,4,15.93,63.72
1953,CUST0218,PROD036,2023-11-06,Biography,Books,5,22.59,112.95
1954,CUST0004,PROD037,2023-08-19,Textbook,Books,4,25.8,103.2
1955,CUST0296,PROD024,2023-09-13,Sneakers,Clothing,5,68.47,342.35
1956,CUST0058,PROD038,2023-01-18,Smartwatch,Electronics,3,828.25,2484.75
1957,CUST0144,PROD030,2023-09-04,Smartphone,Electronics,5,1149.24,5746.2
1958,CUST0126,PROD031,2023-09-22,Smartwatch,Electronics,1,1356.89,1356.89
1959,CUST0028,PROD022,2023-11-19,Smartwatch,Electronics,3,1237.53,3712.59
1960,CUST0294,PROD047,2023-10-01,Tablet,Electronics,4,790.25,3161.0
1961,CUST0149,PROD011,2023-06-19,Textbook,Books,3,77.24,231.72
1962,CUST0134,PROD004,2023-01-19,Running Shoes,Sports,5,185.84,929.2
1963,CUST0150,PROD048,2023-11-19,Biography,Books,1,21.84,21.84
1964,CUST0259,PROD005,2023-11-16,Headphones,Electronics,2,830.19,1660.38
1965,CUST0132,PROD001,2023-05-23,Coffee Maker,Home & Kitchen,3,196.27,588.81
1966,CUST0229,PROD024,2023-02-27,Dumbbells,Sports,2,228.88,457.76
1967,CUST0017,PROD022,2023-03-31,Coffee Maker,Home & Kitchen,5,160.93,804.65
1968,CUST0254,PROD049,2023-02-13,Sneakers,Clothing,2,188.11,376.22
1969,CUST0108,PROD037,2023-07-31,Self-Help Book,Books,2,56.25,112.5
1970,CUST0027,PROD011,2023-06-26,Headphones,Electronics,1,1182.13,1182.13
1971,CUST0120,PROD025,2023-08-26,Comic Book,Books,5,31.1,155.5
1972,CUST0223,PROD001,2023-12-16,Comic Book,Books,5,28.38,141.9
1973,CUST0022,PROD007,2023-05-28,Comic Book,Books,5,57.49,287.45
1974,CUST0172,PROD018,2023-09-30,Cookware Set,Home & Kitchen,3,194.83,584.49
1975,CUST0237,PROD050,2023-05-17,Headphones,Electronics,4,1050.65,4202.6
1976,CUST0173,PROD044,2023-12-12,Sneakers,Clothing,5,158.69,793.45
1977,CUST0035,PROD001,2023-12-20,Jacket,Clothing,1,118.57,118.57
1978,CUST0180,PROD015,2023-07-30,Smartwatch,Electronics,4,335.08,1340.32
1979,CUST0048,PROD004,2023-05-26,Coffee Maker,Home & Kitchen,5,39.19,195.95
1980,CUST0045,PROD039,2023-11-01,Sneakers,Clothing,1,134.85,134.85
1981,CUST0057,PROD045,2023-03-08,Biography,Books,2,66.22,132.44
1982,CUST0233,PROD018,2023-04-05,Vacuum,Home & Kitchen,1,156.08,156.08
1983,CUST0142,PROD050,2023-08-07,Vacuum,Home & Kitchen,1,73.73,73.73
1984,CUST0133,PROD017,2023-02-01,Comic Book,Books,1,33.29,33.29
1985,CUST0202,PROD012,2023-04-02,Fiction Novel,Books,2,44.42,88.84
1986,CUST0112,PROD040,2023-11-27,Fiction Novel,Books,4,20.07,80.28
1987,CUST0018,PROD005,2023-11-26,Tablet,Electronics,1,1130.02,1130.02
1988,CUST0255,PROD010,2023-02-06,Running Shoes,Sports,1,197.65,197.65
1989,CUST0078,PROD045,2023-12-01,Laptop,Electronics,3,1063.99,3191.97
1990,CUST0245,PROD028,2023-06-18,Biography,Books,4,10.26,41.04
1991,CUST0247,PROD008,2023-07-26,Smartwatch,Electronics,4,493.6,1974.4
1992,CUST0206,PROD004,2023-10-18,Running Shoes,Sports,3,93.36,280.08
1993,CUST0042,PROD030,2023-11-20,Headphones,Electronics,3,895.01,2685.03
1994,CUST0098,PROD020,2023-05-29,Jeans,Clothing,4,119.81,479.24
1995,CUST0250,PROD006,2023-12-23,Fiction Novel,Books,3,54.14,162.42
1996,CUST0013,PROD047,2023-11-20,Self-Help Book,Books,2,19.8,39.6
1997,CUST0158,PROD032,2023-10-31,Dress,Clothing,5,89.98,449.9
1998,CUST0173,PROD047,2023-10-01,Fiction Novel,Books,1,12.59,12.59
1999,CUST0235,PROD044,2023-01-22,Fiction Novel,Books,5,24.82,124.1
2000,CUST0019,PROD048,2023-10-02,Sneakers,Clothing,1,61.94,61.94
2001,CUST0024,PROD016,2023-03-14,Fiction Novel,Books,5,42.99,214.95
2002,CUST0158,PROD007,2023-12-26,T-Shirt,Clothing,1,51.0,51.0
2003,CUST0055,PROD008,2023-08-22,Dumbbells,Sports,1,211.31,211.31
2004,CUST0219,PROD022,2023-09-12,Water Bottle,Sports,2,66.83,133.66
2005,CUST0280,PROD009,2023-12-14,Textbook,Books,5,18.46,92.3
2006,CUST0033,PROD008,2023-06-14,T-Shirt,Clothing,3,126.76,380.28
2007,CUST0284,PROD011,2023-05-21,Dress,Clothing,3,50.25,150.75
2008,CUST0193,PROD050,2023-08-13,Sneakers,Clothing,1,27.33,27.33
2009,CUST0092,PROD006,2023-03-22,Tablet,Electronics,1,304.94,304.94
2010,CUST0065,PROD014,2023-12-28,Running Shoes,Sports,4,112.81,451.24
2011,CUST0090,PROD040,2023-03-15,Lamp,Home & Kitchen,2,151.61,303.22
2012,CUST0046,PROD041,2023-12-21,Smartwatch,Electronics,4,434.0,1736.0
2013,CUST0099,PROD008,2023-06-04,Cookware Set,Home & Kitchen,2,31.23,62.46
2014,CUST0260,PROD015,2023-09-29,Smartwatch,Electronics,5,670.47,3352.35
2015,CUST0077,PROD044,2023-08-26,Jacket,Clothing,1,29.55,29.55
2016,CUST0028,PROD042,2023-08-31,Self-Help Book,Books,1,21.18,21.18
2017,CUST0233,PROD003,2023-07-06,Coffee Maker,Home & Kitchen,3,147.36,442.08
2018,CUST0249,PROD033,2023-02-23,Smartwatch,Electronics,1,428.65,428.65
2019,CUST0297,PROD021,2023-03-01,Smartphone,Electronics,5,1137.82,5689.1
2020,CUST0167,PROD015,2023-08-03,Jacket,Clothing,1,61.41,61.41
2021,CUST0113,PROD005,2023-02-20,Dress,Clothing,4,176.58,706.32
2022,CUST0075,PROD014,2023-08-30,Cycling Helmet,Sports,4,27.77,111.08
2023,CUST0235,PROD047,2023-11-09,Self-Help Book,Books,2,37.11,74.22
2024,CUST0017,PROD045,2023-04-10,Vacuum,Home & Kitchen,2,84.6,169.2
2025,CUST0235,PROD027,2023-10-19,Headphones,Electronics,4,377.45,1509.8
2026,CUST0081,PROD041,2023-03-29,Coffee Maker,Home & Kitchen,5,269.33,1346.65
2027,CUST0045,PROD027,2023-11-10,Sneakers,Clothing,2,194.62,389.24
2028,CUST0143,PROD001,2023-09-25,Self-Help Book,Books,4,51.41,205.64
2029,CUST0114,PROD038,2023-08-08,Jeans,Clothing,5,78.91,394.55
2030,CUST0021,PROD031,2023-03-18,Yoga Mat,Sports,1,113.18,113.18
2031,CUST0051,PROD029,2023-09-16,Tablet,Electronics,4,890.46,3561.84
2032,CUST0209,PROD014,2023-09-11,T-Shirt,Clothing,1,120.53,120.53
2033,CUST0009,PROD031,2023-03-09,Vacuum,Home & Kitchen,1,94.55,94.55
2034,CUST0299,PROD002,2023-12-09,Coffee Maker,Home & Kitchen,5,219.89,1099.45
2035,CUST0095,PROD024,2023-08-21,Self-Help Book,Books,4,71.19,284.76
2036,CUST0198,PROD045,2023-11-17,Fiction Novel,Books,1,70.23,70.23
2037,CUST0278,PROD037,2023-06-20,Yoga Mat,Sports,3,84.7,254.1
2038,CUST0264,PROD044,2023-04-17,Smartwatch,Electronics,1,1345.1,1345.1
2039,CUST0021,PROD024,2023-07-06,Laptop,Electronics,4,697.84,2791.36
2040,CUST0105,PROD009,2023-07-07,Sneakers,Clothing,5,146.88,734.4
2041,CUST0298,PROD045,2023-06-21,Sneakers,Clothing,4,40.44,161.76
2042,CUST0258,PROD044,2023-04-18,Jacket,Clothing,3,83.49,250.47
2043,CUST0232,PROD032,2023-08-05,Blender,Home & Kitchen,3,47.11,141.33
2044,CUST0273,PROD019,2023-09-14,Yoga Mat,Sports,5,125.49,627.45
2045,CUST0097,PROD030,2023-08-20,Running Shoes,Sports,1,202.98,202.98
2046,CUST0040,PROD007,2023-02-14,Tablet,Electronics,3,1367.33,4101.99
2047,CUST0078,PROD014,2023-03-26,Blender,Home & Kitchen,4,218.21,872.84
2048,CUST0068,PROD031,2023-09-24,Headphones,Electronics,5,741.5,3707.5
2049,CUST0150,PROD013,2023-06-27,Comic Book,Books,1,61.64,61.64
2050,CUST0172,PROD027,2023-02-02,Smartphone,Electronics,5,1285.43,6427.15
2051,CUST0281,PROD029,2023-10-24,Vacuum,Home & Kitchen,5,161.26,806.3
2052,CUST0088,PROD017,2023-08-23,Lamp,Home & Kitchen,3,65.63,196.89
2053,CUST0076,PROD023,2023-04-27,Textbook,Books,1,77.95,77.95
2054,CUST0275,PROD019,2023-05-26,Self-Help Book,Books,2,53.3,106.6
2055,CUST0022,PROD021,2023-04-04,Jeans,Clothing,1,49.03,49.03
2056,CUST0106,PROD036,2023-10-22,Dress,Clothing,2,66.87,133.74
2057,CUST0191,PROD029,2023-12-29,Headphones,Electronics,2,1471.43,2942.86
2058,CUST0208,PROD032,2023-10-04,Sneakers,Clothing,1,74.28,74.28
2059,CUST0260,PROD022,2023-03-16,Textbook,Books,5,20.92,104.6
2060,CUST0076,PROD037,2023-11-28,Cookware Set,Home & Kitchen,5,271.91,1359.55
2061,CUST0072,PROD044,2023-08-15,Blender,Home & Kitchen,1,227.54,227.54
2062,CUST0113,PROD029,2023-10-10,Headphones,Electronics,5,232.23,1161.15
2063,CUST0299,PROD034,2023-07-02,Headphones,Electronics,2,271.54,543.08
2064,CUST0229,PROD044,2023-04-24,Coffee Maker,Home & Kitchen,5,36.09,180.45
2065,CUST0163,PROD039,2023-12-10,Smartwatch,Electronics,4,712.75,2851.0
2066,CUST0204,PROD010,2023-11-06,Yoga Mat,Sports,3,228.49,685.47
2067,CUST0177,PROD023,2023-08-07,Cookware Set,Home & Kitchen,3,130.66,391.98
2068,CUST0213,PROD029,2023-06-07,Biography,Books,4,16.13,64.52
2069,CUST0072,PROD038,2023-05-28,Dress,Clothing,4,151.15,604.6
2070,CUST0269,PROD022,2023-11-03,Smartphone,Electronics,4,470.12,1880.48
2071,CUST0140,PROD027,2023-02-03,Cycling Helmet,Sports,4,35.79,143.16
2072,CUST0103,PROD012,2023-03-31,Cycling Helmet,Sports,2,181.91,363.82
2073,CUST0300,PROD020,2023-07-15,Lamp,Home & Kitchen,3,162.46,487.38
2074,CUST0079,PROD017,2023-09-10,Cycling Helmet,Sports,1,67.76,67.76
2075,CUST0214,PROD012,2023-06-03,Fiction Novel,Books,3,55.77,167.31
2076,CUST0253,PROD005,2023-09-09,T-Shirt,Clothing,3,41.48,124.44
2077,CUST0133,PROD041,2023-11-03,Lamp,Home & Kitchen,4,159.73,638.92
2078,CUST0009,PROD017,2023-12-18,Fiction Novel,Books,5,36.12,180.6
2079,CUST0070,PROD023,2023-03-25,Yoga Mat,Sports,4,49.34,197.36
2080,CUST0025,PROD019,2023-03-25,Headphones,Electronics,3,669.51,2008.53
2081,CUST0049,PROD039,2023-05-30,Yoga Mat,Sports,2,135.76,271.52
2082,CUST0139,PROD044,2023-03-27,Running Shoes,Sports,3,220.02,660.06
2083,CUST0074,PROD001,2023-12-24,Blender,Home & Kitchen,3,174.29,522.87
2084,CUST0211,PROD022,2023-03-12,Running Shoes,Sports,4,102.66,410.64
2085,CUST0097,PROD036,2023-03-25,Smartphone,Electronics,2,400.92,801.84
2086,CUST0214,PROD030,2023-11-11,Water Bottle,Sports,1,182.45,182.45
2087,CUST0179,PROD020,2023-02-09,Smartphone,Electronics,4,1400.43,5601.72
2088,CUST0268,PROD049,2023-12-20,Coffee Maker,Home & Kitchen,5,250.6,1253.0
2089,CUST0114,PROD009,2023-06-25,Jacket,Clothing,1,25.18,25.18
2090,CUST0067,PROD006,2023-12-22,Jeans,Clothing,2,75.34,150.68
2091,CUST0221,PROD003,2023-08-06,Laptop,Electronics,4,224.45,897.8
2092,CUST0031,PROD031,2023-04-11,Laptop,Electronics,5,1230.97,6154.85
2093,CUST0050,PROD008,2023-03-02,Blender,Home & Kitchen,1,47.89,47.89
2094,CUST0180,PROD002,2023-11-05,Sneakers,Clothing,2,182.21,364.42
2095,CUST0181,PROD011,2023-02-16,Jacket,Clothing,3,190.78,572.34
2096,CUST0051,PROD038,2023-09-14,Dumbbells,Sports,1,133.65,133.65
2097,CUST0088,PROD049,2023-01-08,Dumbbells,Sports,3,183.22,549.66
2098,CUST0244,PROD024,2023-10-03,Laptop,Electronics,5,1401.5,7007.5
2099,CUST0093,PROD023,2023-12-24,Dumbbells,Sports,1,118.32,118.32
2100,CUST0058,PROD049,2023-07-14,Self-Help Book,Books,4,46.0,184.0
2101,CUST0254,PROD049,2023-06-10,Tablet,Electronics,2,343.41,686.82
2102,CUST0168,PROD032,2023-07-04,Lamp,Home & Kitchen,1,224.98,224.98
2103,CUST0228,PROD015,2023-03-01,Textbook,Books,3,41.99,125.97
2104,CUST0097,PROD005,2023-10-11,Textbook,Books,4,78.95,315.8
2105,CUST0054,PROD026,2023-09-01,Coffee Maker,Home & Kitchen,4,33.45,133.8
2106,CUST0206,PROD045,2023-08-13,Yoga Mat,Sports,4,43.02,172.08
2107,CUST0174,PROD013,2023-10-30,Smartphone,Electronics,2,284.12,568.24
2108,CUST0256,PROD018,2023-11-01,Fiction Novel,Books,4,26.3,105.2
2109,CUST0183,PROD031,2023-10-25,Running Shoes,Sports,4,192.73,770.92
2110,CUST0143,PROD010,2023-12-08,Cycling Helmet,Sports,5,247.07,1235.35
2111,CUST0119,PROD041,2023-08-21,Laptop,Electronics,4,525.9,2103.6
2112,CUST0256,PROD044,2023-03-10,Laptop,Electronics,1,1159.14,1159.14
2113,CUST0079,PROD020,2023-01-14,Dress,Clothing,3,128.83,386.49
2114,CUST0253,PROD030,2023-11-15,Yoga Mat,Sports,5,193.64,968.2
2115,CUST0278,PROD022,2023-04-14,Cookware Set,Home & Kitchen,3,162.37,487.11
2116,CUST0221,PROD008,2023-10-04,Yoga Mat,Sports,1,238.86,238.86
2117,CUST0236,PROD003,2023-07-16,Textbook,Books,4,69.7,278.8
2118,CUST0085,PROD032,2023-01-17,Sneakers,Clothing,3,138.69,416.07
2119,CUST0057,PROD037,2023-08-09,Jacket,Clothing,4,148.83,595.32
2120,CUST0241,PROD031,2023-12-12,Biography,Books,5,57.98,289.9
2121,CUST0254,PROD038,2023-10-15,Sneakers,Clothing,3,30.03,90.09
2122,CUST0165,PROD004,2023-07-13,Running Shoes,Sports,3,195.12,585.36
2123,CUST0179,PROD048,2023-01-15,Yoga Mat,Sports,3,45.13,135.39
2124,CUST0177,PROD023,2023-10-26,Headphones,Electronics,4,694.75,2779.0
2125,CUST0121,PROD042,2023-07-30,Blender,Home & Kitchen,2,208.53,417.06
2126,CUST0157,PROD008,2023-06-09,Yoga Mat,Sports,1,228.94,228.94
2127,CUST0236,PROD043,2023-06-22,T-Shirt,Clothing,1,116.92,116.92
2128,CUST0011,PROD045,2023-08-05,Water Bottle,Sports,3,226.83,680.49
2129,CUST0293,PROD025,2023-08-29,Yoga Mat,Sports,4,246.65,986.6
2130,CUST0106,PROD022,2023-06-15,Yoga Mat,Sports,1,204.96,204.96
2131,CUST0187,PROD028,2023-09-12,Running Shoes,Sports,3,54.16,162.48
2132,CUST0110,PROD019,2023-04-14,Fiction Novel,Books,5,68.83,344.15
2133,CUST0116,PROD040,2023-05-16,Headphones,Electronics,4,1495.1,5980.4
2134,CUST0035,PROD037,2023-02-17,Yoga Mat,Sports,3,154.09,462.27
2135,CUST0155,PROD033,2023-09-29,Comic Book,Books,1,24.68,24.68
2136,CUST0206,PROD017,2023-06-03,Biography,Books,4,31.93,127.72
2137,CUST0093,PROD002,2023-11-16,Cycling Helmet,Sports,5,172.82,864.1
2138,CUST0240,PROD018,2023-11-18,Dumbbells,Sports,2,150.56,301.12
2139,CUST0290,PROD047,2023-11-23,Water Bottle,Sports,4,215.4,861.6
2140,CUST0076,PROD016,2023-11-17,Smartwatch,Electronics,4,460.84,1843.36
2141,CUST0105,PROD027,2023-03-19,Cookware Set,Home & Kitchen,1,140.77,140.77
2142,CUST0121,PROD026,2023-05-17,Coffee Maker,Home & Kitchen,5,99.24,496.2
2143,CUST0159,PROD030,2023-05-03,Smartphone,Electronics,2,449.49,898.98
2144,CUST0104,PROD011,2023-09-06,Cycling Helmet,Sports,1,114.17,114.17
2145,CUST0282,PROD012,2023-05-20,T-Shirt,Clothing,3,66.51,199.53
2146,CUST0043,PROD021,2023-11-26,Tablet,Electronics,1,1216.9,1216.9
2147,CUST0187,PROD043,2023-11-05,Blender,Home & Kitchen,4,273.16,1092.64
2148,CUST0121,PROD008,2023-12-03,Tablet,Electronics,2,1426.11,2852.22
2149,CUST0269,PROD017,2023-10-20,Yoga Mat,Sports,5,137.66,688.3
2150,CUST0169,PROD038,2023-09-12,Smartphone,Electronics,3,979.77,2939.31
2151,CUST0090,PROD014,2023-07-19,Dress,Clothing,1,59.24,59.24
2152,CUST0029,PROD032,2023-05-21,Comic Book,Books,5,27.8,139.0
2153,CUST0244,PROD044,2023-10-01,Blender,Home & Kitchen,4,115.45,461.8
2154,CUST0158,PROD002,2023-05-07,Coffee Maker,Home & Kitchen,3,128.01,384.03
2155,CUST0123,PROD017,2023-11-27,Yoga Mat,Sports,1,212.75,212.75
2156,CUST0063,PROD035,2023-10-10,Textbook,Books,3,54.73,164.19
2157,CUST0131,PROD020,2023-05-02,Comic Book,Books,4,10.55,42.2
2158,CUST0225,PROD041,2023-02-16,Jacket,Clothing,2,57.87,115.74
2159,CUST0252,PROD031,2023-06-12,Fiction Novel,Books,1,29.18,29.18
2160,CUST0083,PROD045,2023-07-31,Cookware Set,Home & Kitchen,1,266.73,266.73
2161,CUST0281,PROD048,2023-05-14,Yoga Mat,Sports,5,97.69,488.45
2162,CUST0228,PROD042,2023-06-17,Fiction Novel,Books,2,63.34,126.68
2163,CUST0161,PROD037,2023-03-11,Tablet,Electronics,3,460.1,1380.3
2164,CUST0211,PROD021,2023-02-12,Smartphone,Electronics,2,524.48,1048.96
2165,CUST0168,PROD019,2023-08-20,Self-Help Book,Books,5,28.25,141.25
2166,CUST0194,PROD037,2023-04-12,Tablet,Electronics,4,677.88,2711.52
2167,CUST0118,PROD006,2023-04-25,Laptop,Electronics,5,1400.05,7000.25
2168,CUST0026,PROD026,2023-08-25,Jacket,Clothing,2,146.23,292.46
2169,CUST0189,PROD011,2023-11-13,Biography,Books,1,28.21,28.21
2170,CUST0233,PROD044,2023-10-18,Laptop,Electronics,4,1134.16,4536.64
2171,CUST0137,PROD019,2023-09-11,Smartphone,Electronics,2,1127.63,2255.26
2172,CUST0111,PROD019,2023-09-11,Self-Help Book,Books,2,40.19,80.38
2173,CUST0015,PROD019,2023-12-13,Dress,Clothing,2,52.47,104.94
2174,CUST0190,PROD038,2023-05-15,Sneakers,Clothing,2,101.18,202.36
2175,CUST0166,PROD045,2023-12-17,Fiction Novel,Books,2,10.72,21.44
2176,CUST0132,PROD005,2023-07-23,Dress,Clothing,5,147.52,737.6
2177,CUST0242,PROD023,2023-02-18,Yoga Mat,Sports,2,27.25,54.5
2178,CUST0196,PROD020,2023-11-07,Yoga Mat,Sports,5,16.26,81.3
2179,CUST0022,PROD038,2023-07-22,Coffee Maker,Home & Kitchen,5,291.38,1456.9
2180,CUST0240,PROD009,2023-04-02,Coffee Maker,Home & Kitchen,3,166.01,498.03
2181,CUST0060,PROD021,2023-02-15,Lamp,Home & Kitchen,3,146.89,440.67
2182,CUST0185,PROD028,2023-01-23,Dress,Clothing,3,176.9,530.7
2183,CUST0265,PROD021,2023-05-25,Lamp,Home & Kitchen,3,253.99,761.97
2184,CUST0078,PROD036,2023-08-12,Jacket,Clothing,4,152.64,610.56
2185,CUST0118,PROD012,2023-12-03,Fiction Novel,Books,1,23.22,23.22
2186,CUST0224,PROD008,2023-01-19,Textbook,Books,4,21.45,85.8
2187,CUST0249,PROD030,2023-09-11,Tablet,Electronics,5,663.48,3317.4
2188,CUST0105,PROD019,2023-09-10,Smartphone,Electronics,1,360.75,360.75
2189,CUST0300,PROD014,2023-04-03,Sneakers,Clothing,5,168.06,840.3
2190,CUST0214,PROD005,2023-10-26,Smartwatch,Electronics,2,1196.9,2393.8
2191,CUST0146,PROD044,2023-05-07,Fiction Novel,Books,1,72.12,72.12
2192,CUST0166,PROD010,2023-12-15,Tablet,Electronics,1,685.63,685.63
2193,CUST0233,PROD041,2023-01-15,Tablet,Electronics,4,1279.91,5119.64
2194,CUST0232,PROD021,2023-05-18,Yoga Mat,Sports,1,92.42,92.42
2195,CUST0166,PROD004,2023-10-19,Jeans,Clothing,3,175.39,526.17
2196,CUST0131,PROD012,2023-02-06,Water Bottle,Sports,4,104.63,418.52
2197,CUST0084,PROD025,2023-05-03,Fiction Novel,Books,2,11.44,22.88
2198,CUST0222,PROD048,2023-07-26,Coffee Maker,Home & Kitchen,4,62.56,250.24
2199,CUST0189,PROD033,2023-06-08,Dumbbells,Sports,1,99.38,99.38
2200,CUST0138,PROD037,2023-04-13,Comic Book,Books,4,71.98,287.92
